group,feature,n_pairs,median_delta_relapse_minus_primary,n_up,n_down,wilcoxon_p
Group 3 MB,EDN1,5,-0.38120175620294594,2,3,0.8125
Group 3 MB,EDNRA,5,0.5633025878205271,5,0,0.0625
Group 3 MB,EDNRB,5,-0.035412346131066474,2,3,1.0
Group 3 MB,HIF1A,5,-0.09689127560441335,2,3,1.0
Group 3 MB,endothelial_score,5,-0.15996661690037361,2,3,0.8125
Group 3 MB,EDN1_adj_endothelial,5,-0.3303607082559157,2,3,0.4375
Group 4 MB,EDN1,14,0.04613643071089557,8,6,0.5830078125
Group 4 MB,EDNRA,14,1.0004910910988205,12,2,0.067626953125
Group 4 MB,EDNRB,14,-0.061132826619404224,7,7,0.9515380859375
Group 4 MB,HIF1A,14,-0.08245776999623322,6,8,0.7608642578125
Group 4 MB,endothelial_score,14,0.6704265172224388,12,2,0.020263671875
Group 4 MB,EDN1_adj_endothelial,14,-0.15846813502366897,5,9,0.463134765625
SHH-MB,EDN1,24,0.4097535890442259,16,8,0.02112710475921631
SHH-MB,EDNRA,24,0.6866980161816555,15,9,0.024863600730895996
SHH-MB,EDNRB,24,1.153917930312325,19,5,0.022932052612304688
SHH-MB,HIF1A,24,0.15447112515433137,15,9,0.19737839698791504
SHH-MB,endothelial_score,24,0.1486495469494291,14,10,0.28966712951660156
SHH-MB,EDN1_adj_endothelial,24,0.47983534002841677,16,8,0.045679688453674316
