gene,logFC,FDR,rank_secondary,n_leading_edge_pathways,target_class,existing_drugs,tier,rationale
Lrg1,11.03,1.8e-06,15,1,secreted glycoprotein (endoglin/TGFB1 co-receptor modulator),magacizumab (anti-LRG1 mAb; preclinical UK),1,"Strongest statistical signal of the druggable candidates; mechanism is selective for pathological/leaky vessels rather than normal vasculature, which predicts a better toxicity profile than pan-VEGF blockade; already the user's original gene of interest"
Edn1,10.64,1.9e-04,18,12,secreted peptide hormone (ETA/ETB receptor ligand),"macitentan, bosentan, ambrisentan (approved ERAs, repurposable)",1,"Single biggest pathway hub - leading edge of 12/20 top pathways and 9/42 significant angio terms; approved oral endothelin receptor antagonists exist for pulmonary hypertension, giving a fast repurposing path; preclinical efficacy shown in brain mets/glioblastoma/ovarian models"
Aplnr,10.33,1.3e-04,26,3,GPCR (apelin receptor / APJ),investigational small-molecule and peptide APJ antagonists (preclinical),2,"Strong dataset-specific DE signal and a classically druggable GPCR, but the apelin/APJ axis is less clinically mature than VEGF/endothelin/Notch pathways"
Sox17,10.47,6.6e-04,23,1,transcription factor,none (TFs are largely undruggable directly),3,"Strong DE signal but poor direct druggability - better used as a biomarker or pursued via downstream/upstream effectors rather than direct inhibition"
Tek,8.34,2.1e-06,89,2,receptor tyrosine kinase (Tie2),rebastinib and other Tie2 TKIs (trials, other indications),2,"Very strong statistical significance; Tie2/Angiopoietin axis is a validated vessel-normalization target, though most agents have been tested in other cancers, not this model"
Acvrl1,6.84,2.9e-04,251,16,receptor serine/threonine kinase (ALK1),dalantercept (ALK1-Fc trap, discontinued after phase 2),2,"Significant DE and a strong pathway hub, but the lead clinical candidate for this target was discontinued for limited efficacy - cautionary precedent"
Flt4,6.50,5.1e-05,308,11,receptor tyrosine kinase (VEGFR3),included in several pan-VEGFR TKIs,2,"Significant DE; VEGFR3/lymphangiogenesis axis, targetable but usually as part of multi-target TKIs rather than a dedicated agent"
Kdr,4.26,3.5e-03,1170,18,receptor tyrosine kinase (VEGFR2),"bevacizumab (anti-VEGFA), ramucirumab (anti-VEGFR2), many TKIs (sunitinib, sorafenib, axitinib)",3,"Most connected pathway hub (18/42) and the most clinically mature anti-angiogenic target class overall, but only borderline significant in THIS dataset (FDR 0.0035, rank 1170) - the canonical target, not this dataset's strongest signal"
Dll4,3.04,5.7e-02,2606,15,Notch ligand,"OMP-21M18/demcizumab (trials halted on toxicity)",4,"Frequent pathway hub but NOT significant in this contrast (FDR 0.057); prior anti-DLL4 clinical programs were stalled by on-target vascular toxicity (arteriovenous malformations)"
Angpt2,3.44,6.8e-03,1998,8,secreted ligand (Tie2 antagonist/agonist),trebananib (failed phase 3, ovarian cancer),4,"Canonical angiogenesis gene but weak DE signal here and the lead anti-Ang2 clinical candidate failed its pivotal trial"
Vegfc,2.46,2.0e-01,4310,15,secreted ligand (VEGFR3 ligand),indirectly targeted via VEGFR3 TKIs,4,"Frequent leading-edge member but not significant in this dataset (FDR 0.20) - deprioritize as a dataset-specific target"
