group,pathway,NES,pval,padj,size,leadingEdge
TOP_UP_IN_SECONDARY,GOBP_LEUKOCYTE_MIGRATION,1.74349599062001,1.79818229453749e-16,3.01315413154665e-13,365,"Edn1,Gpr15,Apod,Ccl21a,Ccl11,Cxcl1,Hoxa7,Sele,Edn3,Flt1,Selp,Ccl19,Pecam1,Cd34,Rarres2,Cxcl2,Il34,S100a8,Ccl7,Hrh1,S1pr1,Cxcl12,Ch25h,Il6,Icam1,Ager,Mtus1,Cxcl5,Dusp1,Il1r1,Ccl3,Ccr5,Bst1,Pdgfd,Tnfaip6,Csf1,Lgals9,C5ar2,Nkx2-3,Ccl22,S100a9,Adora1,Zp3,Spns2,Rhog,Mdk,Ret,Ripk3,Dapk2,Pgf,Ecm1,Il1a,Chst4,Arhgef5,Lbp,S100a14,Cd200,F11r,Bmp5,Saa2,Ccl4,Tafa4,Rhoh,Jaml,Thbs1,Saa1,Cxcl17,Cyp19a1,Il27ra,Zap70,Ccl2,Ccl5,Pde4b,Cxcl16,Lyve1,Dbh,Vcam1,Trim55,Dpp4,Gcsam,Stap1,Ccr1,C5ar1,Adgre5,Cxcl10,Tnfrsf14,Mmp28,Gpr183,P2ry12,Thy1,Itga1,Ppbp,Sftpd,Tnfsf11,Slc12a2,Vegfc,Il17ra,Mcoln2,Umod,Cxcl11,Serpine1,Asb2,Sell,Ptk2b,Tnfrsf18,Nod2,Wnt5a,Plvap,Foxj1,Ctsg,Il4,Jam2,Gpsm3,Cxcl3,Il6ra,Ccr7,Lyn,Cx3cr1,Mmp9,Pf4,Selplg,Cmklr1,Il16,Csf1r,Ptafr,Trem2,Epx,Vav1,Pdgfb,Fyn,P2rx4,Alox5,Plg,Ffar2,Gata3,Tnf,Ccr6,Jam3,Rin3,Padi2,Itgb7"
TOP_UP_IN_SECONDARY,GOBP_REGULATION_OF_VASCULATURE_DEVELOPMENT,1.79106955592973,9.75449829100345e-16,8.17264381814572e-13,292,"Lrg1,Aplnr,Cldn5,Dcn,Ccl11,Enpp2,Tek,Ecscr,C3,Serpinf1,Ceacam1,Fgf1,Flt1,Tbxa2r,Ppp1r16b,Cd34,Hoxa5,Tie1,Ptgis,Epha2,Eng,Wnt4,Acvrl1,Sp100,Gpr4,Klf2,Cdh5,Cysltr1,Epha1,Nos3,Nppb,Gata6,Angpt4,Agt,Twist1,Sulf1,Il6,Cd40,Slc39a12,Jup,Klf4,Rhoj,Hhex,Kdr,Pik3r6,Emp2,Nodal,Foxc2,Col4a3,Tlr3,Npr1,Ctsh,Cela1,Gata2,Krt1,Mdk,Sparc,Sema5a,Sema3e,Pgf,Foxc1,Ecm1,Adam12,Il1a,Ptprm,Angpt2,Reck,Zc3h12a,Thbs1,Creb3l1,Adamts9,Rhob,Tnmd,Angptl3,Adgra2,Epn2,Or10j5,Rras,C5ar1,Rapgef3,Cxcl10,Col4a2,Cyp1b1,Tnfaip3,Glul,Tgfbr2,Bmper,Il17f,Klk1b27,Slc12a2,Vegfc,Itga5,Serpine1,Apela,Apoh,Ptk2b,Wnt5a,Atp2b4,S100a1,Cx3cr1,Pf4,Jcad,Gdf2,Ccbe1,Anxa3,Ets1,Ramp2,Sash1,Prkd2,Stat1,Adamts1,Alox5,Adgrb3,Spry2,Tnf,Plxnd1,Plk2,Itgax,Emilin2,Itgb8,Id1,Thbs2"
TOP_UP_IN_SECONDARY,GOBP_WOUND_HEALING,1.68304019591928,1.17600426630508e-15,8.44539063816522e-13,419,"Edn1,Vwf,Serpina1b,Tgfa,Ceacam1,Adra2a,Fgf1,Itgb3,Tbxa2r,Selp,Cd34,Wnt4,Acvrl1,Gpr4,Tmeff2,Thbd,Col1a1,S100a8,Serpind1,Wfdc1,Adora2a,Serpina1e,Cyp4f14,Nos3,Fap,Ndnf,Dsp,Msx2,Col3a1,Rhoc,Il6,Mpl,Entpd1,Cd40,Pak1,Cadm4,Tspan8,Alox12,F2rl3,Plat,Gp1bb,Procr,Enpp4,Ajap1,Plau,Kdr,Adra2b,Ocln,Lox,Vil1,Foxc2,Vtn,Pear1,Erbb3,Comp,Gata2,Krt1,Cd59b,Fermt3,Tlr4,Fn1,Il1a,Syt11,Gp5,F11r,Saa2,Plaur,Tgfb1,Plpp3,Serping1,Jaml,Thbs1,Hbb-bt,Saa1,Dysf,Ccn1,Myl9,F11,Elk3,Mylk,F13b,Nog,Scube1,C1qtnf1,F5,Shh,Nrg1,Fkbp10,Dgki,Cdh3,Tspan32,Gna12,Tnfaip3,Plet1,P2ry12,Dgkb,Insl3,Tgfbr2,Cnn2,Mpig6b,Slc12a2,Txk,Pla2g4a,Itga5,Cyp4f15,Csrp1,Serpine1,Plscr1,Cyp4f40,Apoh,Stxbp3,Pdgfa,Plek,Tec,Mcam,Wnt5a,Kank1,Ctsg,Reg3b,Eppk1,F9,Lyn,Pf4,Notch4,Wnt7a,Il6st,Cav1,Pdgfra,Axl,Fer1l5,Lcp1,Cldn4,Pros1,P2rx1,Serpinb2,Fgfr2,Kng2,Vav1,Dgkg,Gp9,Pdgfb,Dgkk,Alox5,Plg,Wnt5b,Tnf,Emilin2,Igf1,Cdkn1a,Cd151"
TOP_UP_IN_SECONDARY,GOBP_ENSHEATHMENT_OF_NEURONS,2.01187178268332,7.48979127975795e-15,3.42283461484938e-12,139,"Mal,Mag,Fa2h,Klk6,Plp1,Cldn5,Ugt8a,Gal3st1,Nkx6-2,Myrf,Sox10,Tppp,Id4,Gjc3,Sh3tc2,Itgb4,Cldn11,Mbp,Aspa,Bcas1,Zfp488,Tspan2,Cntn2,Kcnj10,Tmem98,Myoc,Klk8,Mall,Pllp,Epb41l3,Tnfrsf1b,Adgrg6,Ncmap,Nfasc,Ptprz1,Pou3f1,Rarg,Egr2,Arhgef10,Qki,Nrg1"
TOP_UP_IN_SECONDARY,GOBP_CYTOKINE_MEDIATED_SIGNALING_PATHWAY,1.64506452747763,9.14221841935317e-15,3.82982766617403e-12,446,"Edn1,Ccl21a,Ccl11,Cxcl1,Il33,Ceacam1,Ccl19,Cxcl2,Sp100,Il34,Tnfrsf13c,Il2rg,Osm,Gpr17,Ccl7,Zbp1,Irgm2,Il2ra,Grem2,Irak3,Isg15,Mx2,Hspa1a,Csf3,Cxcl12,Casp4,Usp18,Il6,Mpl,Hspa1b,Traf1,Csf2rb2,Il13ra2,Cxcl5,Il18,Il1r1,Osmr,Ackr1,Ifitm1,Ccl3,Ccr5,Csf1,Jak3,Tnfrsf1b,Ccl22,Il1r2,Il12rb1,Il18rap,Irf7,Ifi27,Oas1a,Lepr,Sigirr,Pira13,Irak2,Oas2,Foxc1,Ackr3,Ecm1,Il1a,Cxcr6,Cldn18,Irf1,Naip2,Ccl4,Ccdc3,Trim6,Nr1h4,Oas3,Ccrl2,Hpx,Il27ra,Il1rn,Il21r,Ccl2,Cd300lf,Ccl5,Rffl,Egr1,Crlf2,Il1rl2,Nfkbia,Otop1,Il18r1,Il2rb,Il1rap,Tnfsf13b,Stap1,Ccr1,Slc1a1,Fas,Cxcl10,Tnfrsf14,Tnfaip3,Ppbp,Il12b,Rps6ka5,Il17f,Tnfsf11,Txk,Il17ra,Il4ra,Stat2,Cxcl11,Irgm1,Oas1g,Lilra6,Slit3,Ptk2b,Tnfrsf18,Wnt5a,Plvap,Birc3,Ctsg,Il36rn,Cd70,Il22ra2,Ackr4,Tff2,Cxcl3,Il6ra,Ccr7,Il10rb,Cx3cr1,Pf4,Oasl1,Il6st,Cav1,Il15,Axl,Ifnlr1,Cmklr1,Ptprj,Il13ra1,Csf1r,Trem2,Sting1,Zfp458,Laptm5,Stat1,Pdgfb,Prlr,Il7,Parp9,Aim2,Tnf,Csf2ra,Ccr6,Cntfr,Padi2,Dcst1,Tnfrsf17,Adipor2,Xcl1,Mt3,Il1f10,Ikbke,Crlf1,Tnfrsf25,Prkn,Parp14,Il20ra,Il31ra,Il1rl1,Sphk1,Ereg,Ccl6,Ccr9,Myd88,Ifnk,Tnfrsf1a,Fzd4,Gpr35,Tnip2,Traf5,Trim56,Cx3cl1,Duox2,Il1b,Pias3,Gas6,Il17rb,Cntf,Csf3r,Src,Plcb1,Ifnar2,Gstp2,Il7r,Nr1h3,Stat3,Tnfrsf11a,Pira12,Mmp12,Tmsb4x,Spi1,Gstp1,Wnk1,Pirb,Il22ra1,Il17rd,Cyld,Nkiras1"
TOP_UP_IN_SECONDARY,GOBP_TISSUE_MIGRATION,1.72852965809107,1.05245954918427e-13,3.52714276916621e-11,297,"Edn1,Dcn,Clec14a,Enpp2,Tek,Foxf1,Mmrn2,Serpinf1,Ceacam1,Fgf1,Itgb3,Tbxa2r,Epha2,Daam2,Acvrl1,Sp100,Flt4,Cdh5,Nos3,Fap,Angpt4,Agt,Ptgs2,Vstm4,Ptprr,Cd40,Egr3,Gpld1,Jup,Klf4,Rhoj,Agtr2,Dnaja4,Kdr,Jun,Vil1,Emp2,Foxc2,Ctsh,Gata2,Sparc,Sema5a,Ptprm,Angpt2,Nr4a1,Tgfb1,Plpp3,Zc3h12a,Thbs1,Rtn4,Adamts9,Srpx2,Sox18,Dll4,Rhob,Adgra2,Fgf7,Dpp4,Rras,Cyp1b1,Glul,Pik3r3,Insl3,Loxl2,Tgfbr2,Bmper,Fgf4,Vegfc,Ppm1f,Apela,Apoh,Ptk2b,Dusp10,Pkn3,Grhl2,Wnt5a,Atp2b4,Kank1,Prox1,Eppk1,Il4,Glipr2,Iqsec1,Mmp9,Wnt7a,Jcad,Gdf2,Arsb,Anln,Ccbe1,Anxa3,Ets1,Sash1,Prkd2,Stat1,Pdgfb,Cdh13,P2rx4,Gata3,Tnf,Plxnd1,Plk2,Bcas3,Mapre2,Id1"
TOP_UP_IN_SECONDARY,GOBP_NEGATIVE_REGULATION_OF_RESPONSE_TO_EXTERNAL_STIMULUS,1.65009620117263,2.59393722518278e-13,8.14982651937115e-11,386,"Pglyrp1,Edn1,Tek,Foxf1,Serpinf1,A2m,Ceacam1,Cd34,Ptgis,Wnt3,Wnt4,Mill2,Thbd,Zfp36,Wfdc1,Il2ra,Adora2a,Cdh5,Irak3,Isg15,Nos3,Fap,Calcrl,Sema4d,Usp18,Enpp3,Klf4,Klk8,Tspan8,Socs3,Dusp1,Alox12,Plat,Ajap1,Plau,C1qtnf3,Tnfaip6,Lgals9,Sema7a,C5ar2,Serpinb9,Vtn,Tnfrsf1b,Adora1,Oas1a,Krt1,Mdk,Fgl2,Sema5a,Sigirr,Sema3e,Pira13,Ctnna2,H2-T23,Syt11,Havcr2,Grid2,Angpt2,Cd200,Saa2,Rgma,Nr1h4,Serping1,Thbs1,Saa1,Oas3,Bace1,Cxcl17,Cyp19a1,Tnr,Ccl2,F11,Npy5r,C1qtnf1,D130043K22Rik,Dpp4,Otop1,Acod1,Stap1,Trim21,Gper1,Grin3a,Nlrp3,Mmp28,Tnfaip3,Il12b,Kir3dl2,Sema6d,Slc12a2,Slc6a3,Stat2,Serpine1,Oas1g,Lilra6,Apoh,Pdgfa,Sema6b,Dusp10,Nod2,Wnt5a,Serpinb3a,Sema4c,Eppk1,Il22ra2,Il4,Klrd1,Nlrx1,Ldlr,Lyn,Sema3g,Pdgfra,Pros1,Sirt2,Serpinb2,Trem2,Dusp3,Kng2,H2-Q2,Pdgfb,Fyn,Alox5,Plg,Sema4f,Gata3,Tnf,Plk2,Igf1,Rin3,Padi2,Fcgr2b,Dcst1,Il13,Nrp1,Il10,Cnr2,Htra1,Hrg,H2-D1,Ccn3,Parp14,Tyro3,Siglecg,Phldb2,Mefv,Sema3c,Sema4g,Abat,Fgg,Git1,St6gal1,Spink5,Tnfrsf1a,Mvk,Fgf2,Nbl1,Nr1d1,Rnf125,Clasp2,Bcr,Cx3cl1,H2-M3,Prkg1,Vsig4,Cers2,Apoe,Src,Gstp2,Nr1h3,Nlrp12,H2-Q1,Slamf8,Pira12,Mmp12,Gstp1,Pirb,Serpine2,H2-Q10,Rora,Proc,Sema3d,Hc,Mmrn1,Nlrc3"
TOP_UP_IN_SECONDARY,GOBP_ENDOTHELIAL_CELL_MIGRATION,1.82033448047582,5.36837278898893e-13,1.58745941236749e-10,211,"Edn1,Dcn,Clec14a,Tek,Mmrn2,Serpinf1,Ceacam1,Fgf1,Itgb3,Tbxa2r,Epha2,Acvrl1,Sp100,Flt4,Cdh5,Nos3,Fap,Angpt4,Agt,Ptgs2,Vstm4,Cd40,Egr3,Gpld1,Jup,Klf4,Rhoj,Agtr2,Dnaja4,Kdr,Emp2,Foxc2,Gata2,Sparc,Sema5a,Ptprm,Angpt2,Nr4a1,Tgfb1,Plpp3,Zc3h12a,Thbs1,Adamts9,Srpx2,Sox18,Dll4,Rhob,Adgra2,Dpp4,Rras,Cyp1b1,Glul,Pik3r3,Loxl2,Bmper,Fgf4,Vegfc,Apoh,Ptk2b,Wnt5a,Atp2b4,Prox1,Wnt7a,Jcad,Gdf2,Ccbe1,Anxa3,Ets1,Sash1,Prkd2,Stat1,Pdgfb,Cdh13,P2rx4,Gata3,Tnf,Plxnd1,Plk2,Bcas3,Id1"
TOP_UP_IN_SECONDARY,GOBP_NEGATIVE_REGULATION_OF_LOCOMOTION,1.6946455345119,9.75309883026159e-13,2.7238237677625e-10,314,"Cldn5,Dcn,Apod,Ccl21a,Hoxa7,Mmrn2,Serpinf1,Tbxa2r,Tie1,Eng,Wnt3,Wnt4,Acvrl1,Plxnb3,Sp100,Spock3,Tmeff2,Adora2a,Epha1,Col3a1,Angpt4,Cxcl12,Sema4d,Sulf1,Ptprr,Mapk15,Dpep1,Jup,Klf4,Agtr2,Dusp1,Ifitm1,Dnaja4,Dnai3,Tnfaip6,Sema7a,C5ar2,Nodal,Adora1,Sema5a,Sema3e,Limch1,Ptprm,Angpt2,Cd200,Bmp5,Tgfb1,Reck,Thbs1,Adamts9,Cyp19a1,Il27ra,Ccl2,Podn,Dll4,Rhob,Nog,Tbx5,Shh,Nrg1,Smad7,Adora3,Pip5kl1,Bmerb1,Dlc1,Dpp4,Gcsam,Rras,Arhgdib,Stap1,Cyp1b1,Gna12,Mmp28,Thy1,Cnn2,Sema6d,Tmigd3,Serpine1,Mctp1,Apoh,Adam15,Igfbp5,Sema6b,Dusp10,Myocd,Wnt5a,Atp2b4,Kank1,Sema4c,Eppk1,Il4,Semg1,Sema3g,Cx3cr1,Arrdc3,Gdf2,Ptprj,Atp1b2,Dusp3,Sema4f,Gata3,Tnf,Emilin2,Has1,Adgrg1,Jag1,Rin3,Padi2,Frmd5,Nkx2-1,Nrp1,Adgrb1,Hrg,Ccn3,Card10,Phldb2,Sema3c,Slurp1,Sema4g,Ldlrad4,Rgcc,St6gal1,Ripor2,Srgap1,Lrp1,S1pr2,Fgf2,Rap2a,Nbl1,Lrch1,Clasp2,Bcr,Cx3cl1,Prkg1,Stk26,Cers2,Wnt11,Apoe,Srgap3,Ptpru,Plcb1,Hdac5,Stat3,Slamf8,Clic4"
TOP_UP_IN_SECONDARY,GOBP_CELL_CHEMOTAXIS,1.71649406628986,1.12039421456113e-12,2.96432721926252e-10,294,"Edn1,Ccl21a,Ccl11,Cxcl1,Edn3,Fgf1,Flt1,Ccl19,Rarres2,Epha2,Cxcl2,Plxnb3,Il34,S100a8,Ccl7,Hrh1,S1pr1,Cxcl12,Ch25h,Lpar1,Il6,Egr3,Mtus1,Cxcl5,Dusp1,Ccl3,Ccr5,Kdr,Bst1,Pdgfd,Tnfaip6,Csf1,Lgals9,Lox,C5ar2,Ccl22,S100a9,Rhog,Mdk,Sema5a,Dapk2,Pgf,Ackr3,Cxcr6,Arhgef5,Lbp,S100a14,Ephb1,Saa2,Ccl4,Nr4a1,Tafa4,Hoxb9,Jaml,Thbs1,Saa1,Cxcl17,Arhgef16,Ccrl2,Cyp19a1,Ccl2,Ccl5,Pde4b,Cxcl16,Vcam1,Dpp4,Stap1,Ccr1,C5ar1,Adgre5,Cxcl10,Mmp28,Gpr183,Itga1,Ppbp,Fgf4,Sftpd,Tnfsf11,Slc12a2,Vegfc,Il17ra,Cxcl11,Serpine1,Ptk2b,Nod2,Wnt5a,Ctsg,Defb14,Il4,Ackr4,Gpsm3,Cxcl3,Il6ra,Ccr7,Lyn,Cx3cr1,Pf4,Pdgfra,Cmklr1,Il16,Csf1r,Prkd2,Vav1,Pdgfb,P2rx4,Alox5,Ffar2,Ccr6,Jam3,Rin3,Padi2"
TOP_UP_IN_SECONDARY,GOBP_REGULATION_OF_INFLAMMATORY_RESPONSE,1.66896177068727,1.24935834508802e-12,3.14026220037875e-10,344,"Pglyrp1,Ace2,Sele,Tek,Foxf1,C3,Il33,Serpinf1,Ptgis,Pla2g3,Gpr4,Osm,S100a8,Zfp36,Wfdc1,Pde2a,Zbp1,Il2ra,Adora2a,Cdh5,Calcrl,Mmp3,Casp4,Agt,Ptgs2,Usp18,Il6,Enpp3,Ager,Klf4,Il18,Socs3,Il1r1,Osmr,Ccl3,Bst1,C1qtnf3,Tnfaip6,Sema7a,Tnfrsf1b,S100a9,Tlr3,Adora1,Zp3,Nfkbiz,Gprc5b,Krt1,Mdk,Tlr4,H2-T23,Syt11,Lbp,Pla2g2d,Cd200,Saa2,Nr1h4,Saa1,Cxcl17,Camk2n1,Tlr9,Cyp19a1,Ncf1,Casp12,Creb3l3,Ccl5,Esr1,Npy5r,Tlr7,Fabp4,Il1rl2,Pik3ap1,Nfkbia,Acod1,Sucnr1,Stap1,Gper1,Bcl6b,C2cd4b,Nlrp3,Tnfaip3,Btk,Il12b,Alox5ap,Tnfsf11,Pla2g2a,Mmp8,Il17ra,Serpine1,Zyx,Dusp10,Nod2,Wnt5a,Tlr2,Abhd12,Birc3,Nkg7,Il22ra2,Il4,Nlrx1,Gpsm3,Ldlr,Ccr7,Lyn,Mmp9,Adora2b,Il6st,Il15,Mgst2,Il16,Trem2,Sting1,Ets1,Fyn,Snca,Alox5,Ffar2,Gata3,Tnf,Plk2,Igf1,Ttbk1,Fcgr2b,Xcl1,Il13,Il10,Il20,Lrrk2,Cnr2,Ccn3,Ffar3,Tyro3,Siglecg,Il1rl1,Sphk1,Mefv,Nlrp1a,Ednrb,Myd88,Git1,Tnfrsf1a,Mvk,Cdk19,Cd81,Nr1d1,Bcr,Cx3cl1,Il1b,Apoe,Src,Dnase1l3,Bcl6,Gstp2,App,Nr1h3,Nlrp12,Itga2,Tnfrsf11a,Slamf8,Tmsb4x,Ccn4,Gstp1,Cyld,Ifi35,Rora,Proc,Foxp1,Anxa1,Nlrc3,Cd47"
TOP_UP_IN_SECONDARY,GOBP_REGULATION_OF_EPITHELIAL_CELL_MIGRATION,1.80319002545867,1.42811100333789e-12,3.41862572084742e-10,223,"Edn1,Dcn,Enpp2,Tek,Mmrn2,Serpinf1,Ceacam1,Fgf1,Itgb3,Tbxa2r,Epha2,Acvrl1,Sp100,Flt4,Nos3,Angpt4,Agt,Ptgs2,Ptprr,Cd40,Gpld1,Jup,Klf4,Rhoj,Agtr2,Dnaja4,Kdr,Jun,Vil1,Emp2,Foxc2,Ctsh,Gata2,Sparc,Sema5a,Ptprm,Angpt2,Tgfb1,Plpp3,Zc3h12a,Thbs1,Rtn4,Adamts9,Srpx2,Dll4,Rhob,Adgra2,Fgf7,Rras,Glul,Insl3,Tgfbr2,Bmper,Fgf4,Vegfc,Ppm1f,Apoh,Ptk2b,Dusp10,Wnt5a,Atp2b4,Prox1,Eppk1,Il4,Glipr2,Iqsec1,Mmp9,Wnt7a,Jcad,Gdf2,Arsb,Ccbe1,Anxa3,Ets1,Sash1,Prkd2,Pdgfb,P2rx4,Gata3,Tnf,Plk2,Bcas3,Mapre2"
TOP_UP_IN_SECONDARY,GOBP_AMEBOIDAL_TYPE_CELL_MIGRATION,1.63069017393249,1.53952824980439e-12,3.51782205080302e-10,410,"Edn1,Sox17,Dcn,Clec14a,Enpp2,Tek,Edn3,Mmrn2,Serpinf1,Ceacam1,Sox10,Fgf1,Itgb3,Tbxa2r,Epha2,Eng,Daam2,Acvrl1,Sp100,Flt4,Prr5l,Itgb4,Cdh5,Nos3,Fap,Angpt4,Sema4d,Agt,Ptgs2,Twist1,Vstm4,Ptprr,Cd40,Ednra,Sox8,Egr3,Gpld1,Jup,Klf4,Rhoj,Agtr2,Dnaja4,Kdr,Sema7a,Jun,Vil1,Emp2,Nodal,Foxc2,Ctsh,Gata2,Ret,Sparc,Sema5a,Sema3e,Fn1,Ptprm,Angpt2,Nr4a1,Tgfb1,Plpp3,Zc3h12a,Thbs1,Rtn4,Adamts9,Srpx2,Sox18,Dll4,Rffl,Rhob,Shh,Adgra2,Fgf7,Dpp4,Rras,Arhgdib,Cyp1b1,Gna12,P2ry12,Glul,Pik3r3,Insl3,Loxl2,Tgfbr2,Bmper,Fgf4,Sema6d,Gbx2,Vegfc,Ppm1f,Apela,Apoh,Ptk2b,Sema6b,Dusp10,Pkn3,Wnt5a,Atp2b4,Kank1,Sema4c,Prox1,Eppk1,Il4,Ovol2,Glipr2,Iqsec1,Sema3g,Mmp9,Wnt7a,Jcad,Gdf2,Arsb,Anln,Ccbe1,Anxa3,Ets1,Sash1,Prkd2,Stat1,Pdgfb,Cdh13,P2rx4,Syde1,Sema4f,Gata3,Tnf,Plxnd1,Plk2,Bcas3,Mapre2,Has1,Id1,Itgb7"
TOP_UP_IN_SECONDARY,GOBP_REGULATION_OF_ENDOTHELIAL_CELL_MIGRATION,1.8834785472031,2.08104548129875e-12,4.35892318103701e-10,164,"Edn1,Dcn,Tek,Mmrn2,Serpinf1,Ceacam1,Fgf1,Itgb3,Tbxa2r,Epha2,Acvrl1,Sp100,Flt4,Nos3,Angpt4,Agt,Ptgs2,Cd40,Gpld1,Jup,Klf4,Rhoj,Agtr2,Dnaja4,Kdr,Emp2,Foxc2,Gata2,Sparc,Sema5a,Ptprm,Angpt2,Tgfb1,Plpp3,Zc3h12a,Thbs1,Adamts9,Srpx2,Dll4,Rhob,Adgra2,Rras,Glul,Bmper,Fgf4,Vegfc,Apoh,Ptk2b,Wnt5a,Atp2b4,Prox1,Wnt7a,Jcad,Gdf2,Ccbe1,Anxa3,Ets1,Sash1,Prkd2,Pdgfb,P2rx4,Gata3,Tnf,Plk2,Bcas3"
TOP_UP_IN_SECONDARY,GOBP_EXTERNAL_ENCAPSULATING_STRUCTURE_ORGANIZATION,1.7053600040173,3.00240924693928e-12,6.03724451374551e-10,311,"Hapln2,Myh11,Dpt,Foxf1,Ibsp,Lum,Vit,Ctsk,Col1a2,Tie1,Eng,Dmp1,Gsn,Adamts4,Col1a1,Crispld2,Adamts2,Aplp1,Fap,Ndnf,Col3a1,Mmp3,Agt,Colgalt2,Col8a2,Sulf1,Il6,Col11a2,Mmp25,Col22a1,Vwa1,Col5a3,Lox,Csgalnact1,Slc39a8,Col6a6,Tgfbi,Foxc2,Tnfrsf1b,Tnxb,Tll2,Col4a3,Col16a1,Col15a1,Comp,Thsd4,Adamtsl4,Itga8,Klk4,Nid1,Kazald1,Foxc1,Slc2a10,Ccn2,Tgfb1,Reck,Col5a2,Creb3l1,Adamts9,Colq,Tnr,Ccn1,Klk5,Spock2,Col6a5,Ecm2,P3h4,Adamtsl2,Fkbp10,Col27a1,Dpp4,Otol1,Cav2,Mia,Olfml2b,Capg,Col2a1,Col4a4,Col4a2,Npnt,Gpm6b,Cyp1b1,Loxl4,Mmp28,Fbln2,Loxl2,Mmp8,Adamts8,Abi3bp,Adamts15,Mmp19,Adamtsl3,Adam15,Mmp13,Eln,Col18a1,Ctsg,Chadl,Phldb1,Bcl3,Egflam,Noxo1,Mmp9,Cav1,Pdgfra,Lcp1,Fbln5,Ramp2,Ctss,Col13a1,Ntn4,Adamts1,Olfml2a,Postn,Plg,Col14a1,Tnf,Adamts7,Has1"
TOP_UP_IN_SECONDARY,GOBP_CELL_CELL_JUNCTION_ASSEMBLY,1.90047224338956,4.16404619294468e-12,8.05102315843573e-10,147,"Gjb1,Aplnr,Gjb2,Cldn5,Gja4,Ugt8a,Ace2,Cldn14,Esam,Pecam1,Cldn10,Epha2,Cdh20,Gjb6,Cdh19,Cldn11,Snai2,Cdh5,Cdh11,Agt,Prkch,Rhoc,Gja5,Cdh6,Jup,Micall2,Cdhr3,Ildr1,Ocln,Cldn6,Epb41l3,Cdh10,Gjc1,Cldn18,F11r,Lsr,Nr1h4,Cldn15,Snai1,Tbx5,Smad7"
TOP_UP_IN_SECONDARY,GOBP_VASCULAR_PROCESS_IN_CIRCULATORY_SYSTEM,1.71194250173908,2.03088984050683e-11,3.29331717039608e-09,258,"Edn1,Cldn5,Ace2,Tek,Edn3,Slc38a5,Slc22a8,Kcna5,Slco1c1,Ceacam1,Adra2a,Tbxa2r,Slco2b1,Slc13a3,Slc6a20a,Gpr4,Slc6a1,Klf2,Nppa,Pde2a,Hrh1,Adora2a,Kcnj8,Cdh5,Cysltr1,Nos3,Nppb,Abcc9,Agt,Htr2a,Ptgs2,Vstm4,Abcb1a,Cd38,Ednra,Gja5,Ager,Agtr2,Htr1b,Slc6a9,Adra2b,Kcnmb1,Slc22a3,Ocln,Atp2a3,Slco3a1,Foxc2,Adora1,Npr1,Comp,Lepr,Faah,Foxc1,Sod3,Slc2a10,Tgfb1,Dbh,Slc6a4,Slc44a1,Htr1a,Casr,Gper1,Slc1a1,C2cd4b,Oxtr,Itga1,Slc12a2,Hrh2,Atp8a1,Slc6a13,Atp2b4,Plvap,Abca2,Adora2b,Smtnl2,Cav1,Avpr1b,Ptprj,P2rx1,Atp1b2,Avpr1a,Gm10768,Ramp2,Kng2,Slc22a2,Slc2a1,Slc6a6,Slc4a4,Tnf,Tjp2"
TOP_UP_IN_SECONDARY,GOBP_SPROUTING_ANGIOGENESIS,1.92934714439917,2.48857035859864e-11,3.67942446843393e-09,126,"Aplnr,Clec14a,Tek,Mmrn2,Ceacam1,Fgf1,Tbxa2r,Ppp1r16b,Epha2,Eng,Acvrl1,Flt4,Klf2,Ptgs2,Vstm4,Egr3,Slc39a12,Gpld1,Klf4,Rhoj,Kdr,Foxc2,Gata2,Sema5a,Sema3e,Pgf,Esm1,Nr4a1,Reck,Thbs1,Creb3l1,Rspo3,Adamts9,Srpx2,Dll4,Adgra2,Epn2,Glul,Pik3r3,Loxl2,Il12b,Bmper,Vegfc,Itga5,Apela,Ptk2b"
TOP_UP_IN_SECONDARY,GOBP_GLIAL_CELL_DEVELOPMENT,1.96725047730897,2.7812931520067e-11,3.91969846637946e-09,111,"Mal,Mag,Fa2h,Plp1,Nkx6-2,Myrf,Sox10,Tppp,Id4,Sh3tc2,S100a8,Itgb4,Aspa,Nkx2-2,Adora2a,Lamc3,Zfp488,Tspan2,Il6,Cntn2,Kcnj10,Myoc,Ager,Olig1,S100a9,Adgrg6,Ncmap,Mdk,Tlr4,Hdac11,Pou3f1,Arhgef10,Shh,Nrg1,Mapt,C5ar1,Ndrg1,Lgi4"
TOP_UP_IN_SECONDARY,GOBP_HEMOSTASIS,1.74630650979583,2.80702496100379e-11,3.91969846637946e-09,229,"Edn1,Vwf,Serpina1b,Ceacam1,Adra2a,Itgb3,Tbxa2r,Selp,Cd34,Thbd,Serpind1,Adora2a,Serpina1e,Cyp4f14,Nos3,Fap,Col3a1,Il6,Mpl,Entpd1,Cd40,Fli1,Tspan8,Alox12,F2rl3,Plat,Gp1bb,Procr,Enpp4,Plau,Adra2b,Vtn,Pear1,Comp,Krt1,Cd59b,Fermt3,Tlr4,Fn1,Gp5,F11r,Saa2,Plaur,Serping1,Thbs1,Hbb-bt,Saa1,Myl9,F11,F13b,Scube1,C1qtnf1,F5,Shh,Dgki,Tspan32,Gna12,P2ry12,Dgkb,Mpig6b,Txk,Pla2g4a,Cyp4f15,Csrp1,Serpine1,Plscr1,Cyp4f40,Apoh,Stxbp3,Pdgfa,Plek,Tec,Ctsg,F9,Lyn,Pf4,Il6st,Cav1,Pdgfra,Axl,Pros1,P2rx1,Serpinb2,Kng2,Vav1,Dgkg,Gp9,Pdgfb,Dgkk,Plg"
TOP_UP_IN_PRIMARY,GOBP_MITOCHONDRIAL_GENE_EXPRESSION,-3.33182550063355,7.92390624232351e-24,3.98334766801603e-20,102,"Ppargc1b,Fastkd5,Fastkd3,Shmt2,Rpusd4,Mrpl44,Dars2,Gfm1,Qrsl1,Supv3l1,Mrps2,Fastkd2,Ptcd3,Chchd10,Mrpl47,C1qbp,Mrpl12,Mtres1,Tufm,Lrpprc,Tfam,Tsfm,Trmt10c,Mrps27,Sars2,Pnpt1,Trit1,Tefm,Gatc,Mtif2,Yars2,Prorp,Mrpl16,Tfb2m,Mrps15,Mrps12,Gfm2,Ngrn,Wars2,Slc25a33,Twnk,Mto1,Tbrg4,Mterf1b,Fastk,Rcc1l,Mrps18a,Mrpl51,Mrps11,Mtrf1,Rpusd3,Noa1,Mpv17l2,Foxo3,Mrps7,Mrpl58,Mrps17,Mrpl2,Iars2,Mrps14,Mtrf1l,Pus1,Mrps34,Rars2,Mrps24,Mrps16,Mrps28,Mterf2,Cdk5rap1,Fastkd1,Mrps18b,Alkbh1,Malsu1,Mettl4,Nsun3,Mterf1a,Trmt5,Trnt1,Mrps21,Elac2,Polrmt,Tars2,Gatb,Mrpl57,Mrps6,Mtif3,Taco1,Coa3,Ears2"
TOP_UP_IN_PRIMARY,GOBP_DNA_GEOMETRIC_CHANGE,-2.95808512432107,2.19948482599083e-17,5.52840511012794e-14,95,"Mcmdc2,Top2a,Brip1,Pif1,Ercc6l,Rad51,Rad54l,Dna2,Dscc1,Mcm6,Rfc5,Hmgb2,Gins1,Blm,Rfc4,Ddx11,Cdc45,Mcm5,Hmgb3,Mcm4,Rfc3,Mcm3,Gins2,Ruvbl2,Mcm8,Chtf18,Mre11a,Supv3l1,Zranb3,Dqx1,Hmga1,Mcm7,Mcm2,Fancm,Polq,Ruvbl1,Gins3,G3bp1,Gtf2f2,Rpa1,Hmgb1,Ascc3,Helq,Ssbp1,Rfc2,Xrcc5,Gtf2h2,Twnk,Rtel1,Chd1,Ercc3,Mterf1b,Smarcad1,Hnrnpa2b1,Atrx,Rad50,Recql4,Chd7,Nbn,Dhx9,Mterf1a,Mnat1,Dhx36,Chd4,Mcm9,Chd1l,Wrn,Rad54b,Wrnip1,Fbh1,Ercc2,Xrcc6,Ddx1,Pot1a"
TOP_UP_IN_PRIMARY,GOBP_RIBOSOMAL_SMALL_SUBUNIT_BIOGENESIS,-3.18664972697282,3.04417264978487e-16,3.82576397761714e-13,70,"Nop9,Nol11,Utp4,Wdr3,Npm1,Rpp40,Nob1,Rps27l,Tsr1,Emg1,Rps16,Rps7,Rps8,Rps24,Nat10,Wdr46,Lsm6,Rcl1,Nop14,Heatr1,Dcaf13,Rps28,Rps19,Rps21,Rps15,Rps25,Utp20,Utp25,Pwp2,Xrcc5,Rps5,Ltv1,Rps14,Bysl,Rps17,Tbl3,Snu13,Utp3,Ddx52,Srfbp1,Nol10,Rpsa,Riok1,Mettl17,Mrps11,Rpl38,Mrps7,Bms1,Rps6,Nom1,Abt1,Ngdn,Tsr2,Eral1,Riok2,Tsr3,Utp23,Rps27,Utp6,Rrp7a"
TOP_UP_IN_PRIMARY,GOBP_MITOCHONDRIAL_TRANSLATION,-3.16312933924179,7.46513803362504e-16,7.50544977900661e-13,70,"Fastkd3,Shmt2,Rpusd4,Mrpl44,Dars2,Gfm1,Qrsl1,Mrps2,Fastkd2,Ptcd3,Mrpl47,C1qbp,Tufm,Lrpprc,Tsfm,Trmt10c,Mrps27,Sars2,Gatc,Mtif2,Yars2,Mrpl16,Mrps15,Mrps12,Gfm2,Ngrn,Wars2,Rcc1l,Mrps18a,Mrpl51,Mrps11,Mtrf1,Rpusd3,Noa1,Mpv17l2,Mrps7,Mrpl58,Mrps17,Mrpl2,Iars2,Mrps14,Mtrf1l,Mrps34,Rars2,Mrps24,Mrps16,Mrps28,Cdk5rap1,Mrps18b,Alkbh1,Malsu1,Nsun3,Mrps21,Tars2,Gatb,Mrpl57,Mrps6,Mtif3,Taco1,Coa3,Ears2,Mtg2,Uqcc2"
TOP_UP_IN_PRIMARY,GOBP_MITOCHONDRIAL_RESPIRATORY_CHAIN_COMPLEX_ASSEMBLY,-2.99299705747235,2.08921149608393e-15,1.31280827385174e-12,87,"Fastkd3,Ndufaf6,Chchd4,Aifm1,Ndufaf4,Sco1,Tfam,Uqcrfs1,Ndufaf5,Tmem126a,Nubpl,Slc25a33,Samm50,Oxa1l,Ndufaf7,Ndufa5,Uqcc1,Ndufa9,Ndufab1,Ndufb5,Ndufb1,Ndufc2,Ndufb9,Ndufs1,Ndufb6,Ndufb7,Ndufaf1,Ndufc1,Ndufs3,Ndufa10,Ndufa12,Ndufa11,Ndufb2,Ndufa1,Cox19,Sdhaf1,Tmem186,Ndufb8,Coa5,Cox16,Ndufs8,Timm21,Ndufs4,Ndufs7,Sdhaf2,Sdhaf3,Cox18,Acad9,Dmac1,Ndufa2,Ndufa8,Bcs1l,Taco1,Ndufa13,Coa3,Coa8,Ndufb10,Smim20,Ndufaf8,Cox17,Ndufb11,Uqcc2,Ndufs2,Sco2,Dmac2,Ndufs5,Ndufb3,Ndufa6,Ndufaf2,Cox14,Ndufb4"
TOP_UP_IN_PRIMARY,GOBP_RNA_METHYLATION,-3.02010685026828,2.52363325433403e-15,1.40958937439302e-12,77,"Fbll1,Wdr6,Nsun5,Larp7,Nop2,Tarbp1,Trmt11,Nsun2,Emg1,Trmt10c,Rnmt,Rbm15,Wdr4,Tfb2m,Trdmt1,Mettl3,Mettl6,Ftsj3,Fbl,Dimt1,Trmt44,Mto1,Cmtr2,Tyw3,Zcchc4,Mettl8,Bud23,Mettl5,Bcdin3d,Mrm3,Mettl2,Trmt6,Lcmt2,Mettl16,Wtap,Trmt1,Trmo,Ramac,Mettl1,Rbm15b,Mettl4,Nsun3,Trmt112,Trmt5,Cbll1,Trmt9b,Tgs1,Alkbh8,Trmt12,Mettl15,Thada,Trmt1l,Virma,Zc3h13,Trmt61a,Thumpd2,Ftsj1"
TOP_UP_IN_PRIMARY,GOBP_RIBOSOMAL_LARGE_SUBUNIT_BIOGENESIS,-3.0981028205137,5.71477432007098e-15,2.87281705069968e-12,70,"Rrp15,Npm1,Fastkd2,Sdad1,Rpl35a,Mrpl1,Nop2,Ppan,Rpf1,Wdr12,Mak16,Ddx18,Ddx28,Nle1,Rsl1d1,Nhp2,Rplp0,Rpl7l1,Nip7,Rpl11,Traf7,Ebna1bp2,Mrto4,Nol9,Rpl14,Nvl,Nifk,Rpl35,Mdn1,Rpl5,Rpl7a,Rpl24,Gtpbp4,Wdr74,Nop16,Nsa2,Rpl6,Znhit3,Rpf2,Bop1,Rpl10a,Ftsj3,Rpl7,Rpl26,Rpl10,Pak1ip1,Snu13,Rpl23a,Rsl24d1,Rpl38,Rpl3,Noc2l,Gtf3a,Malsu1,Pes1,Rpl3l,Urb1,Mrpl20,Las1l,Eif6,Rrs1,Brix1,Znhit6"
TOP_UP_IN_PRIMARY,GOBP_TRNA_MODIFICATION,-2.87578782292172,1.76199772065817e-14,6.81350964749892e-12,82,"Wdr6,Pus10,Rpusd4,Thg1l,Tarbp1,Qtrt2,Trmt11,Nsun2,Dtwd1,Qtrt1,Trmt10c,Trit1,Nat10,Mtfmt,Wdr4,Adat2,Pusl1,Ssb,Trdmt1,Mettl6,Kti12,Dus1l,Elp1,Osgepl1,Trmt44,Mto1,Tyw3,Pus7,Mettl8,Bcdin3d,Dph3,Mettl2,Elp4,Trmt6,Elp3,Thumpd1,Lcmt2,Elp5,Trmu,Trmt1,Trmo,Mettl1,Pus1,Ankrd16,Cdk5rap1,Alkbh1,Nsun3,Trmt112,Mocs3,Trub1,Trmt5,Trmt9b,Alkbh8,Trmt12,Ctu1,Thada,Trmt1l,Trmt61a,Thumpd2,Ftsj1,Ctu2,Tyw5,Cdkal1"
TOP_UP_IN_PRIMARY,GOBP_RNA_3_END_PROCESSING,-2.61145419452954,6.44916735298761e-14,2.31571173453348e-11,106,"Fbll1,Eri2,Lin28b,Bard1,Dkc1,Slbp,Supv3l1,Zc3h14,Larp7,Cpsf4,Nudt21,Exosc8,Cstf3,Cpsf2,Exosc3,Ncbp1,Grsf1,Ints2,Trmt10c,Cstf2,Lin28a,Ints14,Pnpt1,Cpsf6,Ssb,Exosc4,Rps21,Clp1,Papola,Snrpa,Fbl,Exosc7,Ints12,Cstf1,Usb1,Pabpc1,Cpsf1,Ints8,Tut4,Eri1,Mtpap,Papolb,Ints7,Exosc10,Hsf1,Exosc2,Ints5,Zfp473,Ccnt1,Polr2d,Tent4a,Cpsf3,Rprd1b,Tut1,Papolg,Exosc9,Cdc73,Tent4b,Leo1,Trnt1,Nelfe,Elac2,Dhx36,Toe1,Ints1,Ints6,Lsm11,Mblac1,Polr3k,Virma,Wdr33,Ssu72,Ythdc1,Exosc5,Rprd2,Rnf40,Tent2,Cpsf4l,Eri3,Lsm10,Elac1,Scaf8,Cdk9,Cpsf7,Rnf20,Cstf2t,Fip1l1"
TOP_UP_IN_PRIMARY,GOBP_MITOCHONDRIAL_RNA_METABOLIC_PROCESS,-3.04562634183158,1.70575734042847e-12,3.72819223927561e-10,48,"Ppargc1b,Fastkd5,Fastkd3,Rpusd4,Dars2,Supv3l1,Fastkd2,Chchd10,Mrpl12,Mtres1,Grsf1,Lrpprc,Tfam,Trmt10c,Sars2,Pnpt1,Trit1,Tefm,Yars2,Prorp,Tfb2m,Wars2,Slc25a33,Twnk,Mto1,Tbrg4,Mterf1b,Fastk,Foxo3,Slirp,Pus1,Mterf2,Cdk5rap1,Fastkd1,Mettl4,Mterf1a,Trmt5,Trnt1,Elac2,Polrmt,Tars2"
TOP_UP_IN_PRIMARY,GOBP_REGULATION_OF_MRNA_SPLICING_VIA_SPLICEOSOME,-2.53744657254167,1.31087133878973e-11,2.44064822966518e-09,98,"Celf4,Mbnl3,Celf6,Raver2,Rbm4,Nova1,Srrm4,Rbfox3,Ncl,Rbfox1,Larp7,C1qbp,Rbm3,Cwc22,Rbmx,Ncbp1,Srsf10,Myod1,Hnrnpa1,Celf3,Srsf7,Rbmxl1,Rnps1,Rbm15,Srsf6,Srsf3,Magoh,Nup98,Rbfox2,Raver1,Srpk1,Celf1,Rbm24,Ptbp1,Srsf2,Khdrbs1,Rbm8a,Tra2b,Hnrnpu,Smu1,Tia1,Hnrnpa2b1,Khdrbs3,Mettl16,Wtap,Sap18,Hnrnpk,Rbm25,Rbm15b,Sf3b4,Hnrnpl,Srsf9,Dazap1,Tra2a,Jmjd6,Fmr1,Rbm10,Celf2,Snrnp70,Nsrp1,Rbm7,Hspa8,Rbm39,Sf1,Ythdc1,Ddx5,Mbnl1,U2af2,Thrap3"
TOP_UP_IN_PRIMARY,GOBP_REGULATION_OF_DOUBLE_STRAND_BREAK_REPAIR_VIA_HOMOLOGOUS_RECOMBINATION,-2.82462705611002,1.45147597084108e-11,2.60591775193503e-09,69,"Usp51,Fignl1,Radx,Rad51ap1,Chek1,Fancb,Rad51,Parpbp,Rbbp8,Tex15,Rmi2,Ruvbl2,Polq,Timeless,Ruvbl1,Rpa2,Khdc3,Actl6a,Yeats4,Parp1,Smchd1,Mbtd1,Spidr,Arid2,Mrgbp,Kdm1a,Rtel1,Ercc6,Trp53bp1,Ooep,Rif1,Pogz,Ppp4c,Brd8,Shld3,Vps72,Ppp4r2,Ubqln4,Mms19,Sirt6,Setd2,Trrap,Mad2l2,Ep400"
TOP_UP_IN_PRIMARY,GOBP_MATURATION_OF_SSU_RRNA,-2.956228218411,1.82235888432471e-11,3.1589648660346e-09,48,"Nop9,Nol11,Utp4,Wdr3,Rpp40,Nob1,Tsr1,Rps16,Rps8,Nat10,Wdr46,Lsm6,Rcl1,Nop14,Heatr1,Dcaf13,Rps28,Rps19,Rps21,Utp20,Utp25,Pwp2,Rps14,Bysl,Tbl3,Snu13,Utp3,Ddx52,Srfbp1,Nol10,Riok1,Mrps11,Bms1,Abt1,Ngdn,Tsr2,Riok2,Tsr3,Utp23,Utp6,Rrs1,Ercc2,Gtf2h5"
TOP_UP_IN_PRIMARY,GOBP_REGULATION_OF_DNA_DEPENDENT_DNA_REPLICATION,-2.9124613328635,1.97056721707782e-11,3.29331717039608e-09,51,"Fbxo5,Cdc7,Dach1,Dbf4,Dscc1,Rfc5,Gins1,Blm,Rfc4,Cdt1,Ticrr,Rfc3,Slfn9,Gins2,Tipin,E2f8,Cdk2,Chtf18,Brca2,Zranb3,Timeless,Gins3,Stoml2,Donson,Nuggc,Pcna,Ssbp1,Rfc2,Gmnn,Senp2,Endog,Atrx,Polg2,E2f7,Nbn,Mettl4,Lig3,Zfp830,Smarcal1,Wrnip1,Fbh1"
TOP_UP_IN_PRIMARY,GOBP_DNA_REPLICATION_INITIATION,-2.98568843396155,2.13851367854907e-11,3.35947133189567e-09,38,"Gmnc,Ccne2,Cdc6,Orc1,Mcm10,Mcm6,Ccne1,Cdc45,Prim2,Cdt1,Mcm5,Ticrr,Mcm4,Mcm3,Prim1,Cdk2,Pola1,Lrwd1,Orc2,Topbp1,Pola2,Mcm7,Mcm2,Orc3,Gins3,Rpa2,Orc6,Noc3l,Gmnn,Orc5,Cdc34"
TOP_UP_IN_PRIMARY,GOBP_RIBOSOME_ASSEMBLY,-2.84567002186937,2.26267728345364e-11,3.44681172846105e-09,58,"Npm1,Mrps2,Fastkd2,C1qbp,Nop2,Ppan,Rps27l,Ddx28,Nle1,Rplp0,Nip7,Rpl11,Traf7,Mrto4,Mdn1,Rpl5,Rps28,Rps19,Rpl24,Rps15,Rpl6,Mrpl22,Pwp2,Xrcc5,Rps5,Rpf2,Bop1,Ngrn,Eif2a,Rps14,Rpl10,Rpl23a,Rpsa,Mrps11,Rpl38,Mpv17l2,Rpl3,Mrps7,Efl1,Dhx29,Abt1,Eral1,Rpl3l,Rps27,Mrpl20,Rrp7a,Eif6,Rrs1,Brix1"
TOP_UP_IN_PRIMARY,GOBP_CELL_CYCLE_DNA_REPLICATION,-2.86566342872921,4.60679953680889e-11,5.96700576383884e-09,43,"Fbxo5,Cdc7,Dach1,Rad51,Dna2,Dbf4,Mcm6,Gins1,Blm,Cdc45,Cdt1,Mcm4,Mcm3,Lig1,Tipin,E2f8,Fen1,Pola1,Brca2,Atad5,Mcm2,Gins3,Rpa2,Donson,Nuggc,Pcna,Gmnn,Rtel1,Senp2,Atrx,E2f7,Zpr1"
TOP_UP_IN_PRIMARY,GOBP_NEGATIVE_REGULATION_OF_CHROMOSOME_ORGANIZATION,-2.61431157261667,4.74796559684809e-11,5.96700576383884e-09,87,"Trip13,Ttk,Fbxo5,Plk1,Bub1,Top2a,Usp44,Cenpf,Pif1,Ccnb1,Bub1b,Spdl1,Aurkb,Mad2l1,Gen1,Ndc80,Zwilch,Cdt1,Espl1,Kntc1,Pttg1,Tinf2,Acd,Tex14,Mcm2,Hnrnpa1,Naa10,Nat10,H3f3a,Zfp207,Parp1,Smarca5,Pcid2,Tpr,Rad21,Slx4,Rtel1,Dcp2,Zw10,Hnrnpu,Pinx1,Anapc15,Exosc10,Zwint,Atm,Atrx,Rad50,Psmg2,Nbn,Terf1,Wapl,Ten1,Baz1b,Tent4b,Mnat1,Mad2l2,Ctc1,Bub3,Lcmt1"
TOP_UP_IN_PRIMARY,GOBP_ALTERNATIVE_MRNA_SPLICING_VIA_SPLICEOSOME,-2.61128474737559,6.30392384246848e-11,7.54519646573549e-09,74,"Celf4,Mbnl3,Celf6,Rbmy,Raver2,Rbm4,Nova1,Srrm4,Rbfox3,Rbfox1,Srsf1,Rbmx,Myod1,Hnrnpa1,Celf3,Rnps1,Rbm15,Srsf6,Magoh,Rbfox2,Raver1,Sfpq,Strap,Celf1,Rbm17,Rbm24,Hnrnpm,Ptbp1,Srsf2,Kdm1a,Khdrbs1,Rbm8a,Tra2b,Hnrnpu,Smu1,Tia1,Khdrbs3,Wtap,Sap18,Rbm25,Rbm15b,Hnrnpl,Srsf9,Dhx9,Fmr1,Rbm10,Celf2,Nsrp1,Rbm7,Cdk13,Rsrc1,Ythdc1,Ddx5,Mbnl1,Thrap3"
TOP_UP_IN_PRIMARY,GOBP_NADH_DEHYDROGENASE_COMPLEX_ASSEMBLY,-2.84329550362229,1.53228075439796e-10,1.54055507047171e-08,52,"Ndufaf6,Ndufaf4,Ndufaf5,Tmem126a,Nubpl,Oxa1l,Ndufaf7,Ndufa5,Ndufa9,Ndufab1,Ndufb5,Ndufb1,Ndufc2,Ndufb9,Ndufs1,Ndufb6,Ndufb7,Ndufaf1,Ndufc1,Ndufs3,Ndufa10,Ndufa12,Ndufa11,Ndufb2,Ndufa1,Tmem186,Ndufb8,Ndufs8,Timm21,Ndufs4,Ndufs7,Acad9,Dmac1,Ndufa2,Ndufa8,Bcs1l,Ndufa13,Ndufb10,Ndufaf8,Ndufb11,Ndufs2,Dmac2,Ndufs5,Ndufb3,Ndufa6,Ndufaf2,Ndufb4"
SIGNIFICANT_ANGIO_VASCULAR,GOBP_REGULATION_OF_VASCULATURE_DEVELOPMENT,1.79106955592973,9.75449829100345e-16,8.17264381814572e-13,292,"Lrg1,Aplnr,Cldn5,Dcn,Ccl11,Enpp2,Tek,Ecscr,C3,Serpinf1,Ceacam1,Fgf1,Flt1,Tbxa2r,Ppp1r16b,Cd34,Hoxa5,Tie1,Ptgis,Epha2,Eng,Wnt4,Acvrl1,Sp100,Gpr4,Klf2,Cdh5,Cysltr1,Epha1,Nos3,Nppb,Gata6,Angpt4,Agt,Twist1,Sulf1,Il6,Cd40,Slc39a12,Jup,Klf4,Rhoj,Hhex,Kdr,Pik3r6,Emp2,Nodal,Foxc2,Col4a3,Tlr3,Npr1,Ctsh,Cela1,Gata2,Krt1,Mdk,Sparc,Sema5a,Sema3e,Pgf,Foxc1,Ecm1,Adam12,Il1a,Ptprm,Angpt2,Reck,Zc3h12a,Thbs1,Creb3l1,Adamts9,Rhob,Tnmd,Angptl3,Adgra2,Epn2,Or10j5,Rras,C5ar1,Rapgef3,Cxcl10,Col4a2,Cyp1b1,Tnfaip3,Glul,Tgfbr2,Bmper,Il17f,Klk1b27,Slc12a2,Vegfc,Itga5,Serpine1,Apela,Apoh,Ptk2b,Wnt5a,Atp2b4,S100a1,Cx3cr1,Pf4,Jcad,Gdf2,Ccbe1,Anxa3,Ets1,Ramp2,Sash1,Prkd2,Stat1,Adamts1,Alox5,Adgrb3,Spry2,Tnf,Plxnd1,Plk2,Itgax,Emilin2,Itgb8,Id1,Thbs2"
SIGNIFICANT_ANGIO_VASCULAR,GOBP_ENDOTHELIAL_CELL_MIGRATION,1.82033448047582,5.36837278898893e-13,1.58745941236749e-10,211,"Edn1,Dcn,Clec14a,Tek,Mmrn2,Serpinf1,Ceacam1,Fgf1,Itgb3,Tbxa2r,Epha2,Acvrl1,Sp100,Flt4,Cdh5,Nos3,Fap,Angpt4,Agt,Ptgs2,Vstm4,Cd40,Egr3,Gpld1,Jup,Klf4,Rhoj,Agtr2,Dnaja4,Kdr,Emp2,Foxc2,Gata2,Sparc,Sema5a,Ptprm,Angpt2,Nr4a1,Tgfb1,Plpp3,Zc3h12a,Thbs1,Adamts9,Srpx2,Sox18,Dll4,Rhob,Adgra2,Dpp4,Rras,Cyp1b1,Glul,Pik3r3,Loxl2,Bmper,Fgf4,Vegfc,Apoh,Ptk2b,Wnt5a,Atp2b4,Prox1,Wnt7a,Jcad,Gdf2,Ccbe1,Anxa3,Ets1,Sash1,Prkd2,Stat1,Pdgfb,Cdh13,P2rx4,Gata3,Tnf,Plxnd1,Plk2,Bcas3,Id1"
SIGNIFICANT_ANGIO_VASCULAR,GOBP_REGULATION_OF_ENDOTHELIAL_CELL_MIGRATION,1.8834785472031,2.08104548129875e-12,4.35892318103701e-10,164,"Edn1,Dcn,Tek,Mmrn2,Serpinf1,Ceacam1,Fgf1,Itgb3,Tbxa2r,Epha2,Acvrl1,Sp100,Flt4,Nos3,Angpt4,Agt,Ptgs2,Cd40,Gpld1,Jup,Klf4,Rhoj,Agtr2,Dnaja4,Kdr,Emp2,Foxc2,Gata2,Sparc,Sema5a,Ptprm,Angpt2,Tgfb1,Plpp3,Zc3h12a,Thbs1,Adamts9,Srpx2,Dll4,Rhob,Adgra2,Rras,Glul,Bmper,Fgf4,Vegfc,Apoh,Ptk2b,Wnt5a,Atp2b4,Prox1,Wnt7a,Jcad,Gdf2,Ccbe1,Anxa3,Ets1,Sash1,Prkd2,Pdgfb,P2rx4,Gata3,Tnf,Plk2,Bcas3"
SIGNIFICANT_ANGIO_VASCULAR,GOBP_VASCULAR_PROCESS_IN_CIRCULATORY_SYSTEM,1.71194250173908,2.03088984050683e-11,3.29331717039608e-09,258,"Edn1,Cldn5,Ace2,Tek,Edn3,Slc38a5,Slc22a8,Kcna5,Slco1c1,Ceacam1,Adra2a,Tbxa2r,Slco2b1,Slc13a3,Slc6a20a,Gpr4,Slc6a1,Klf2,Nppa,Pde2a,Hrh1,Adora2a,Kcnj8,Cdh5,Cysltr1,Nos3,Nppb,Abcc9,Agt,Htr2a,Ptgs2,Vstm4,Abcb1a,Cd38,Ednra,Gja5,Ager,Agtr2,Htr1b,Slc6a9,Adra2b,Kcnmb1,Slc22a3,Ocln,Atp2a3,Slco3a1,Foxc2,Adora1,Npr1,Comp,Lepr,Faah,Foxc1,Sod3,Slc2a10,Tgfb1,Dbh,Slc6a4,Slc44a1,Htr1a,Casr,Gper1,Slc1a1,C2cd4b,Oxtr,Itga1,Slc12a2,Hrh2,Atp8a1,Slc6a13,Atp2b4,Plvap,Abca2,Adora2b,Smtnl2,Cav1,Avpr1b,Ptprj,P2rx1,Atp1b2,Avpr1a,Gm10768,Ramp2,Kng2,Slc22a2,Slc2a1,Slc6a6,Slc4a4,Tnf,Tjp2"
SIGNIFICANT_ANGIO_VASCULAR,GOBP_SPROUTING_ANGIOGENESIS,1.92934714439917,2.48857035859864e-11,3.67942446843393e-09,126,"Aplnr,Clec14a,Tek,Mmrn2,Ceacam1,Fgf1,Tbxa2r,Ppp1r16b,Epha2,Eng,Acvrl1,Flt4,Klf2,Ptgs2,Vstm4,Egr3,Slc39a12,Gpld1,Klf4,Rhoj,Kdr,Foxc2,Gata2,Sema5a,Sema3e,Pgf,Esm1,Nr4a1,Reck,Thbs1,Creb3l1,Rspo3,Adamts9,Srpx2,Dll4,Adgra2,Epn2,Glul,Pik3r3,Loxl2,Il12b,Bmper,Vegfc,Itga5,Apela,Ptk2b"
SIGNIFICANT_ANGIO_VASCULAR,GOBP_ENDOTHELIAL_CELL_PROLIFERATION,1.80066027332342,5.3262961591456e-10,4.53818488000422e-08,149,"Lrg1,Aplnr,Ccl11,Tek,Mmrn2,Itgb3,Flt1,Ppp1r16b,Cd34,Tie1,Epha2,Aldh1a2,Acvrl1,Plxnb3,Flt4,Angpt4,Cxcl12,Vstm4,Sulf1,Egr3,Xdh,Kdr,Wnt2,Fut2,Jun,Col4a3,Gata2,Mdk,Sparc,Sema5a,Apln,Pgf,Ecm1,Ptprm,Nr4a1,Thbs1,Ccl2,Dll4,Tnmd,Cav2,Loxl2,Il12b,Bmper,Vegfc,Apela,Apoh,Wnt5a,Prox1,Jcad,Cav1,Gdf2,Prkd2,Stat1,Egfl7,Pdgfb,Cdh13,Alox5,Tnf"
SIGNIFICANT_ANGIO_VASCULAR,GOBP_POSITIVE_REGULATION_OF_VASCULATURE_DEVELOPMENT,1.75850994012554,5.35870769402709e-09,3.54450310235186e-07,154,"Lrg1,Aplnr,Ccl11,Tek,C3,Fgf1,Flt1,Tbxa2r,Cd34,Tie1,Ptgis,Eng,Acvrl1,Cdh5,Cysltr1,Epha1,Nos3,Gata6,Angpt4,Twist1,Cd40,Slc39a12,Jup,Klf4,Kdr,Pik3r6,Nodal,Foxc2,Tlr3,Ctsh,Cela1,Gata2,Mdk,Sema5a,Pgf,Ecm1,Adam12,Il1a,Angpt2,Zc3h12a,Thbs1,Rhob,Angptl3,Rras,C5ar1,Rapgef3,Cyp1b1,Tgfbr2,Bmper,Vegfc,Itga5,Serpine1,Apela,Ptk2b,Wnt5a,S100a1,Cx3cr1,Jcad,Gdf2,Ccbe1,Anxa3,Ets1,Ramp2,Sash1,Prkd2,Itgax,Emilin2,Itgb8"
SIGNIFICANT_ANGIO_VASCULAR,GOBP_ENDOTHELIUM_DEVELOPMENT,1.8419711385668,7.19014314986129e-09,4.43444341881768e-07,127,"Hapln2,Sox17,Cldn5,Gja4,Ceacam1,Fgf1,Ppp1r16b,Pecam1,Cd34,Robo4,Tie1,Hoxb5,Acvrl1,Tmem100,Apold1,Pde2a,S1pr1,Cdh5,Icam1,Ednra,Gja5,Col22a1,Xdh,Kdr,Foxc2,Col15a1,F11r,Hey2,Sox18,Dll4,Rhob,Scube1,Nrg1,Rapgef3,Cxcl10,S1pr3,Col18a1,Marveld2,Prox1,Notch4,Gdf2,Arhgef26,Prkd2,Tnf,Tjp2,Itgax,Slc40a1,Jag1,Id1"
SIGNIFICANT_ANGIO_VASCULAR,GOBP_POSITIVE_REGULATION_OF_ENDOTHELIAL_CELL_MIGRATION,1.8377705252926,2.82405411157024e-08,1.37830291445278e-06,102,"Edn1,Tek,Fgf1,Itgb3,Flt4,Nos3,Angpt4,Agt,Ptgs2,Cd40,Gpld1,Rhoj,Kdr,Foxc2,Gata2,Sparc,Sema5a,Tgfb1,Plpp3,Zc3h12a,Thbs1,Srpx2,Rhob,Adgra2,Rras,Vegfc,Ptk2b,Wnt5a,Prox1,Wnt7a,Jcad,Ccbe1,Anxa3,Ets1,Sash1,Prkd2,Pdgfb,P2rx4,Gata3,Plk2,Bcas3"
SIGNIFICANT_ANGIO_VASCULAR,GOBP_NEGATIVE_REGULATION_OF_VASCULATURE_DEVELOPMENT,1.75474120493867,3.76714514229315e-07,1.2970848376923e-05,115,"Cldn5,Dcn,Tek,Ecscr,Serpinf1,Hoxa5,Tie1,Epha2,Wnt4,Gpr4,Klf2,Nppb,Angpt4,Agt,Sulf1,Klf4,Hhex,Col4a3,Npr1,Sparc,Sema3e,Foxc1,Ptprm,Angpt2,Thbs1,Creb3l1,Adamts9,Tnmd,Epn2,Cxcl10,Col4a2,Il17f,Klk1b27,Slc12a2,Serpine1,Apoh,Atp2b4,Pf4,Gdf2,Stat1,Adamts1,Alox5,Adgrb3,Spry2,Tnf,Plk2,Thbs2,Klk1b1,Adgrb1,Hrg,Ccn6,Klk1b8,Rgcc,Spink5,Cnmd,Angptl7,Hspg2,Stab1,H2-M3,Ism1"
SIGNIFICANT_ANGIO_VASCULAR,GOBP_BLOOD_VESSEL_ENDOTHELIAL_CELL_MIGRATION,1.71763809250482,2.44365519470873e-06,5.82192164161175e-05,112,"Clec14a,Mmrn2,Tbxa2r,Epha2,Acvrl1,Cdh5,Nos3,Angpt4,Ptgs2,Cd40,Egr3,Gpld1,Jup,Klf4,Rhoj,Agtr2,Kdr,Emp2,Foxc2,Gata2,Angpt2,Nr4a1,Tgfb1,Thbs1,Srpx2,Sox18,Dll4,Pik3r3,Vegfc,Ptk2b,Atp2b4,Jcad,Gdf2,Ets1,Prkd2,Pdgfb,P2rx4,Tnf,Plk2,Id1"
SIGNIFICANT_ANGIO_VASCULAR,GOBP_BLOOD_VESSEL_REMODELING,1.87550337034782,7.25603537994177e-06,0.000144174268201452,41,"Ceacam1,Acvrl1,Epas1,Flt4,Hoxa3,Nos3,Agt,Ednra,Agtr2,Foxc2,Foxc1,Tgfb1,Rspo3,Dll4,Dbh"
SIGNIFICANT_ANGIO_VASCULAR,GOBP_VASCULAR_ASSOCIATED_SMOOTH_MUSCLE_CONTRACTION,1.85791944128915,5.53415451203219e-05,0.000788107499489683,25,"Edn1,Edn3,Agt,Htr2a,Cd38,Ednra,Adra2b,Comp"
SIGNIFICANT_ANGIO_VASCULAR,GOBP_VASCULAR_ENDOTHELIAL_GROWTH_FACTOR_RECEPTOR_SIGNALING_PATHWAY,1.75370697531254,6.56889835778698e-05,0.000907193737488878,53,"Clec14a,Mmrn2,Itgb3,Flt1,Flt4,Tmem204,Sulf1,Cadm4,Hhex,Kdr,Foxc2,Vtn,Pgf,Foxc1,Epn2,Vegfc,Itga5,Ptk2b,Axl,Prkd2,Vav1,Fyn"
SIGNIFICANT_ANGIO_VASCULAR,GOBP_BLOOD_VESSEL_ENDOTHELIAL_CELL_PROLIFERATION_INVOLVED_IN_SPROUTING_ANGIOGENESIS,1.84786443351538,7.92404380300021e-05,0.00104551622566095,24,"Aplnr,Mmrn2,Ppp1r16b,Epha2,Acvrl1,Gata2,Sema5a,Thbs1,Dll4,Il12b,Bmper,Apela"
SIGNIFICANT_ANGIO_VASCULAR,GOBP_POSITIVE_REGULATION_OF_ENDOTHELIAL_CELL_PROLIFERATION,1.65347693391681,0.000100051081967044,0.00124494254714933,93,"Lrg1,Aplnr,Ccl11,Tek,Itgb3,Ppp1r16b,Acvrl1,Plxnb3,Flt4,Cxcl12,Egr3,Kdr,Wnt2,Jun,Gata2,Mdk,Sema5a,Apln,Pgf,Ecm1,Nr4a1,Cav2,Vegfc,Apela,Wnt5a,Prox1,Jcad,Gdf2,Prkd2,Egfl7,Pdgfb,Cdh13"
SIGNIFICANT_ANGIO_VASCULAR,GOBP_VASCULAR_TRANSPORT,1.62304498355336,0.00019565782878809,0.0021197670373227,87,"Slc38a5,Slc22a8,Slco1c1,Slco2b1,Slc13a3,Slc6a20a,Slc6a1,Kcnj8,Abcc9,Abcb1a,Ager,Slc6a9,Slc22a3,Atp2a3,Slco3a1,Lepr,Slc2a10,Slc44a1,Slc1a1,Slc12a2,Atp8a1,Slc6a13,Atp2b4,Abca2,Avpr1b,Atp1b2,Avpr1a,Gm10768,Slc22a2,Slc2a1,Slc6a6,Slc4a4"
SIGNIFICANT_ANGIO_VASCULAR,GOBP_CELL_MIGRATION_INVOLVED_IN_SPROUTING_ANGIOGENESIS,1.70157827789976,0.000237035496179481,0.00250858408272474,53,"Clec14a,Mmrn2,Tbxa2r,Ptgs2,Egr3,Gpld1,Klf4,Rhoj,Kdr,Foxc2,Gata2,Nr4a1,Thbs1,Srpx2,Dll4"
SIGNIFICANT_ANGIO_VASCULAR,GOBP_RENAL_SYSTEM_VASCULATURE_DEVELOPMENT,1.75309944393899,0.000410156043637687,0.00377000880627668,29,"Tek,Pecam1,Cd34,Gpr4,Ednra,Notch3,Pdgfd,Foxc2,Angpt2,Tcf21,Egr1,Pdgfa,Il6ra,Pdgfra,Pdgfb,Hes1,Osr1"
SIGNIFICANT_ANGIO_VASCULAR,GOBP_REGULATION_OF_VASCULAR_PERMEABILITY,1.68878167123929,0.000441585539919498,0.00399973064716274,46,"Cldn5,Tek,Ceacam1,Gpr4,Pde2a,Hrh1,Adora2a,Cdh5,Nppb,Ocln,Npr1,Tgfb1"
SIGNIFICANT_ANGIO_VASCULAR,GOBP_REGULATION_OF_ENDOTHELIAL_CELL_DIFFERENTIATION,1.66542423460841,0.00052610256328124,0.0046892155773312,37,"Cldn5,Ceacam1,Acvrl1,Tmem100,Apold1,Cdh5,Xdh,F11r,S1pr3,Notch4,Gdf2,Tnf,Jag1,Id1"
SIGNIFICANT_ANGIO_VASCULAR,GOBP_REGULATION_OF_SPROUTING_ANGIOGENESIS,1.69299163885342,0.000600435091007388,0.00519515869620334,39,"Ceacam1,Fgf1,Ppp1r16b,Klf2,Slc39a12,Klf4,Rhoj,Thbs1,Creb3l1,Adamts9,Epn2,Glul,Bmper,Itga5,S100a1,Jcad,Alox5"
SIGNIFICANT_ANGIO_VASCULAR,GOBP_ENDOTHELIAL_CELL_DEVELOPMENT,1.60539756970332,0.000880581496057527,0.00692751671468105,69,"Hapln2,Cldn5,Ppp1r16b,Pecam1,Robo4,Pde2a,Cdh5,Icam1,Ednra,Col22a1,Col15a1,F11r,Sox18,Rapgef3,S1pr3,Col18a1,Marveld2,Notch4,Arhgef26,Tnf,Tjp2,Rap1a,Ednrb,Myd88,Tnfrsf1a,S1pr2,Msn,Tjp1,Il1b,Myadm,Plcb1,Clic4,Heg1,Proc"
SIGNIFICANT_ANGIO_VASCULAR,GOBP_CELLULAR_RESPONSE_TO_VASCULAR_ENDOTHELIAL_GROWTH_FACTOR_STIMULUS,1.59151051493391,0.000903278311566255,0.00702907131926249,60,"Dcn,Flt1,Flt4,Egr3,Cadm4,Xdh,Kdr,Pgf,Foxc1,Nr4a1,Dll4,Adgra2,Vcam1,Il12b,Vegfc,Atp2b4,Jcad,Pdgfra,Ccbe1,Ramp2,Prkd2,Spry2,Nrp1,Hrg,Tspan12,Gab1,Sphk1,Pik3cd,Hspb1"
SIGNIFICANT_ANGIO_VASCULAR,GOBP_NEGATIVE_REGULATION_OF_BLOOD_VESSEL_ENDOTHELIAL_CELL_MIGRATION,1.63790338282605,0.000964307511734505,0.00735595426629644,35,"Mmrn2,Tbxa2r,Acvrl1,Angpt4,Jup,Klf4,Agtr2,Angpt2,Tgfb1,Thbs1,Dll4"
SIGNIFICANT_ANGIO_VASCULAR,GOBP_LEUKOCYTE_ADHESION_TO_VASCULAR_ENDOTHELIAL_CELL,1.63380604757991,0.00107159009570033,0.00795699174458721,46,"Ccl21a,Sele,Selp,Cxcl12,Il6,Klf4,Slc39a8,Mdk,Chst4,Vcam1,Sell,Jam2,Cx3cr1,Selplg,Ptafr,Ets1,Alox5,Tnf,Itgb7"
SIGNIFICANT_ANGIO_VASCULAR,GOBP_LYMPHANGIOGENESIS,1.71806774477377,0.00114211785159792,0.00833466290132583,17,"Clec14a,Tie1,Epha2,Acvrl1,Flt4,Foxc2,Foxc1,Sox18,Vegfc,Prox1,Ccbe1"
SIGNIFICANT_ANGIO_VASCULAR,GOBP_NEGATIVE_REGULATION_OF_ENDOTHELIAL_CELL_PROLIFERATION,1.64185978640129,0.00161463657296575,0.0109243311605637,39,"Mmrn2,Flt1,Acvrl1,Sulf1,Xdh,Col4a3,Sparc,Ptprm,Thbs1,Ccl2,Dll4,Tnmd,Cav2,Il12b,Apoh,Cav1,Gdf2,Stat1,Alox5,Tnf"
SIGNIFICANT_ANGIO_VASCULAR,GOBP_ANGIOGENESIS_INVOLVED_IN_WOUND_HEALING,1.64721864333869,0.00221077966591381,0.0137374405198378,27,"Itgb3,Cd34,Gpr4,Ndnf,Kdr,Foxc2,Gata2,Tnfaip3,Slc12a2,Serpine1,Mcam,Alox5,Tnf,Adipor2"
SIGNIFICANT_ANGIO_VASCULAR,GOBP_VASCULAR_ENDOTHELIAL_GROWTH_FACTOR_SIGNALING_PATHWAY,1.58054277727821,0.00244579030770548,0.0147069232976501,42,"Dcn,Flt1,Flt4,Cadm4,Xdh,Kdr,Pgf,Foxc1,Adgra2,Il12b,Vegfc,Jcad,Pdgfra,Ccbe1,Prkd2,Spry2,Nrp1,Hrg,Tspan12,Gab1,Pik3cd,Hspb1"
SIGNIFICANT_ANGIO_VASCULAR,GOBP_REGULATION_OF_LEUKOCYTE_ADHESION_TO_VASCULAR_ENDOTHELIAL_CELL,1.64303899910293,0.00265307109139209,0.015454215963416,29,"Ccl21a,Sele,Selp,Cxcl12,Il6,Klf4,Mdk,Chst4"
SIGNIFICANT_ANGIO_VASCULAR,GOBP_BRANCHING_INVOLVED_IN_BLOOD_VESSEL_MORPHOGENESIS,1.59583320197129,0.00368263195736482,0.019931641018945,33,"Edn1,Eng,Ednra,Kdr,Foxc2,Mdk,Sema3e,Dll4,Shh,Tgfbr2,Gbx2,Nfatc4,Notch4,Gdf2,Plxnd1"
SIGNIFICANT_ANGIO_VASCULAR,GOBP_REGULATION_OF_CELL_MIGRATION_INVOLVED_IN_SPROUTING_ANGIOGENESIS,1.57752386026694,0.0043324989010074,0.0226162741177198,38,"Mmrn2,Tbxa2r,Ptgs2,Klf4,Rhoj,Kdr,Foxc2,Gata2,Thbs1,Srpx2,Dll4"
SIGNIFICANT_ANGIO_VASCULAR,GOBP_ENDOTHELIN_RECEPTOR_SIGNALING_PATHWAY,1.64185862756115,0.00515643600545433,0.0257924415914616,10,"Edn1,Ednra,Six1,Bcar3,Ptk2b"
SIGNIFICANT_ANGIO_VASCULAR,GOBP_POSITIVE_REGULATION_OF_BLOOD_VESSEL_ENDOTHELIAL_CELL_MIGRATION,1.49956210874863,0.00525808491473301,0.0261706860062998,51,"Nos3,Angpt4,Ptgs2,Cd40,Rhoj,Kdr,Foxc2,Gata2,Tgfb1,Thbs1,Srpx2,Vegfc,Jcad,Ets1,Prkd2,Pdgfb,P2rx4,Plk2"
SIGNIFICANT_ANGIO_VASCULAR,GOBP_NEGATIVE_REGULATION_OF_VASCULAR_ENDOTHELIAL_GROWTH_FACTOR_RECEPTOR_SIGNALING_PATHWAY,1.66072393433866,0.00622840482418498,0.0297342745025431,11,"Mmrn2,Cadm4,Hhex,Epn2"
SIGNIFICANT_ANGIO_VASCULAR,GOBP_VENOUS_BLOOD_VESSEL_DEVELOPMENT,1.65987935347882,0.00644531815697275,0.0304517052397575,16,"Aplnr,Foxf1,Eng,Acvrl1"
SIGNIFICANT_ANGIO_VASCULAR,GOBP_VASCULAR_ASSOCIATED_SMOOTH_MUSCLE_CELL_PROLIFERATION,1.52421608564466,0.00715309225901917,0.0326599407684735,54,"Edn1,Cnn1,Agt,Htr1b,Jun,Apln,Ldlrap1,Gper1,Gna12,Igfbp5,Myocd,Mmp9,Pdgfb,Adamts1,Tnf,Igf1,Cdkn1a,P2ry6,Il10,Efemp2,Gnai2,S1pr2,Fgf2,Prkg1"
SIGNIFICANT_ANGIO_VASCULAR,GOBP_REGULATION_OF_VASCULAR_ENDOTHELIAL_GROWTH_FACTOR_RECEPTOR_SIGNALING_PATHWAY,1.56484469572368,0.00742287081373598,0.0336169113339196,27,"Mmrn2,Itgb3,Tmem204,Cadm4,Hhex,Vtn,Epn2,Vegfc,Itga5"
SIGNIFICANT_ANGIO_VASCULAR,GOBP_POSITIVE_REGULATION_OF_VASCULAR_ASSOCIATED_SMOOTH_MUSCLE_CELL_PROLIFERATION,1.54376719366129,0.00783586531606975,0.0349830328098425,31,"Edn1,Agt,Htr1b,Jun,Ldlrap1,Igfbp5,Mmp9,Pdgfb,Adamts1,Tnf,Igf1,P2ry6,Il10,Gnai2,Fgf2"
SIGNIFICANT_ANGIO_VASCULAR,GOBP_NEGATIVE_REGULATION_OF_CELL_MIGRATION_INVOLVED_IN_SPROUTING_ANGIOGENESIS,1.60643091618131,0.00795374084162728,0.0353556074487352,15,"Mmrn2,Tbxa2r,Klf4,Thbs1,Dll4"
SIGNIFICANT_ANGIO_VASCULAR,GOBP_ESTABLISHMENT_OF_ENDOTHELIAL_BARRIER,1.49965306133806,0.0112367699715438,0.0462929638197933,53,"Cldn5,Ppp1r16b,Pecam1,Robo4,Pde2a,Cdh5,Icam1,Ednra,F11r,Sox18,Rapgef3,S1pr3,Marveld2,Tnf,Tjp2,Rap1a,Ednrb,Myd88,Tnfrsf1a,S1pr2,Msn,Tjp1,Il1b,Myadm,Plcb1"
