gene,GOBP_MITOCHONDRIAL_GENE_EXPRESSION,GOBP_DNA_GEOMETRIC_CHANGE,GOBP_RIBOSOMAL_SMALL_SUBUNIT_BIOGENESIS,GOBP_MITOCHONDRIAL_TRANSLATION,GOBP_MITOCHONDRIAL_RESPIRATORY_CHAIN_COMPLEX_ASSEMBLY,GOBP_RNA_METHYLATION,GOBP_RIBOSOMAL_LARGE_SUBUNIT_BIOGENESIS,GOBP_TRNA_MODIFICATION,GOBP_RNA_3_END_PROCESSING,GOBP_MITOCHONDRIAL_RNA_METABOLIC_PROCESS,GOBP_REGULATION_OF_MRNA_SPLICING_VIA_SPLICEOSOME,GOBP_REGULATION_OF_DOUBLE_STRAND_BREAK_REPAIR_VIA_HOMOLOGOUS_RECOMBINATION,GOBP_MATURATION_OF_SSU_RRNA,GOBP_REGULATION_OF_DNA_DEPENDENT_DNA_REPLICATION,GOBP_DNA_REPLICATION_INITIATION,GOBP_RIBOSOME_ASSEMBLY,GOBP_CELL_CYCLE_DNA_REPLICATION,GOBP_NEGATIVE_REGULATION_OF_CHROMOSOME_ORGANIZATION,GOBP_ALTERNATIVE_MRNA_SPLICING_VIA_SPLICEOSOME,GOBP_NADH_DEHYDROGENASE_COMPLEX_ASSEMBLY
Cplx4,0,0,0,0,0,0,0,0,0,0,0,0,0,0,0,0,0,0,0,0
Tff3,0,0,0,0,0,0,0,0,0,0,0,0,0,0,0,0,0,0,0,0
Chrna3,0,0,0,0,0,0,0,0,0,0,0,0,0,0,0,0,0,0,0,0
Rcvrn,0,0,0,0,0,0,0,0,0,0,0,0,0,0,0,0,0,0,0,0
Pah,0,0,0,0,0,0,0,0,0,0,0,0,0,0,0,0,0,0,0,0
Pmel,0,0,0,0,0,0,0,0,0,0,0,0,0,0,0,0,0,0,0,0
Slc39a4,0,0,0,0,0,0,0,0,0,0,0,0,0,0,0,0,0,0,0,0
Sag,0,0,0,0,0,0,0,0,0,0,0,0,0,0,0,0,0,0,0,0
Rbp3,0,0,0,0,0,0,0,0,0,0,0,0,0,0,0,0,0,0,0,0
Tyr,0,0,0,0,0,0,0,0,0,0,0,0,0,0,0,0,0,0,0,0
Spink4,0,0,0,0,0,0,0,0,0,0,0,0,0,0,0,0,0,0,0,0
Scg2,0,0,0,0,0,0,0,0,0,0,0,0,0,0,0,0,0,0,0,0
Gm52777,0,0,0,0,0,0,0,0,0,0,0,0,0,0,0,0,0,0,0,0
Pde6g,0,0,0,0,0,0,0,0,0,0,0,0,0,0,0,0,0,0,0,0
LOC118568329,0,0,0,0,0,0,0,0,0,0,0,0,0,0,0,0,0,0,0,0
Pde6c,0,0,0,0,0,0,0,0,0,0,0,0,0,0,0,0,0,0,0,0
Mlana,0,0,0,0,0,0,0,0,0,0,0,0,0,0,0,0,0,0,0,0
Smim40,0,0,0,0,0,0,0,0,0,0,0,0,0,0,0,0,0,0,0,0
Gnb3,0,0,0,0,0,0,0,0,0,0,0,0,0,0,0,0,0,0,0,0
Cabp5,0,0,0,0,0,0,0,0,0,0,0,0,0,0,0,0,0,0,0,0
Aipl1,0,0,0,0,0,0,0,0,0,0,0,0,0,0,0,0,0,0,0,0
Sstr2,0,0,0,0,0,0,0,0,0,0,0,0,0,0,0,0,0,0,0,0
Nrl,0,0,0,0,0,0,0,0,0,0,0,0,0,0,0,0,0,0,0,0
Adm2,0,0,0,0,0,0,0,0,0,0,0,0,0,0,0,0,0,0,0,0
Esx1,0,0,0,0,0,0,0,0,0,0,0,0,0,0,0,0,0,0,0,0
Gm40767,0,0,0,0,0,0,0,0,0,0,0,0,0,0,0,0,0,0,0,0
Gngt1,0,0,0,0,0,0,0,0,0,0,0,0,0,0,0,0,0,0,0,0
Pdc,0,0,0,0,0,0,0,0,0,0,0,0,0,0,0,0,0,0,0,0
Cplx3,0,0,0,0,0,0,0,0,0,0,0,0,0,0,0,0,0,0,0,0
Gm46583,0,0,0,0,0,0,0,0,0,0,0,0,0,0,0,0,0,0,0,0
