gene,GOBP_LEUKOCYTE_MIGRATION,GOBP_REGULATION_OF_VASCULATURE_DEVELOPMENT,GOBP_WOUND_HEALING,GOBP_ENSHEATHMENT_OF_NEURONS,GOBP_CYTOKINE_MEDIATED_SIGNALING_PATHWAY,GOBP_TISSUE_MIGRATION,GOBP_NEGATIVE_REGULATION_OF_RESPONSE_TO_EXTERNAL_STIMULUS,GOBP_ENDOTHELIAL_CELL_MIGRATION,GOBP_NEGATIVE_REGULATION_OF_LOCOMOTION,GOBP_CELL_CHEMOTAXIS,GOBP_REGULATION_OF_INFLAMMATORY_RESPONSE,GOBP_REGULATION_OF_EPITHELIAL_CELL_MIGRATION,GOBP_AMEBOIDAL_TYPE_CELL_MIGRATION,GOBP_REGULATION_OF_ENDOTHELIAL_CELL_MIGRATION,GOBP_EXTERNAL_ENCAPSULATING_STRUCTURE_ORGANIZATION,GOBP_CELL_CELL_JUNCTION_ASSEMBLY,GOBP_VASCULAR_PROCESS_IN_CIRCULATORY_SYSTEM,GOBP_SPROUTING_ANGIOGENESIS,GOBP_GLIAL_CELL_DEVELOPMENT,GOBP_HEMOSTASIS
Mog,0,0,0,0,0,0,0,0,0,0,0,0,0,0,0,0,0,0,0,0
Mal,0,0,0,1,0,0,0,0,0,0,0,0,0,0,0,0,0,0,1,0
Mag,0,0,0,1,0,0,0,0,0,0,0,0,0,0,0,0,0,0,1,0
Fa2h,0,0,0,1,0,0,0,0,0,0,0,0,0,0,0,0,0,0,1,0
Depp1,0,0,0,0,0,0,0,0,0,0,0,0,0,0,0,0,0,0,0,0
Hapln2,0,0,0,0,0,0,0,0,0,0,0,0,0,0,1,0,0,0,0,0
Opalin,0,0,0,0,0,0,0,0,0,0,0,0,0,0,0,0,0,0,0,0
Gm32122,0,0,0,0,0,0,0,0,0,0,0,0,0,0,0,0,0,0,0,0
Ermn,0,0,0,0,0,0,0,0,0,0,0,0,0,0,0,0,0,0,0,0
Cytl1,0,0,0,0,0,0,0,0,0,0,0,0,0,0,0,0,0,0,0,0
Klk6,0,0,0,1,0,0,0,0,0,0,0,0,0,0,0,0,0,0,0,0
Tmem252,0,0,0,0,0,0,0,0,0,0,0,0,0,0,0,0,0,0,0,0
Gm12326,0,0,0,0,0,0,0,0,0,0,0,0,0,0,0,0,0,0,0,0
Pglyrp1,0,0,0,0,0,0,1,0,0,0,1,0,0,0,0,0,0,0,0,0
Lrg1,0,1,0,0,0,0,0,0,0,0,0,0,0,0,0,0,0,0,0,0
Gjb1,0,0,0,0,0,0,0,0,0,0,0,0,0,0,0,1,0,0,0,0
1700047M11Rik,0,0,0,0,0,0,0,0,0,0,0,0,0,0,0,0,0,0,0,0
Edn1,1,0,1,0,1,1,1,1,0,1,0,1,1,1,0,0,1,0,0,1
Tmem125,0,0,0,0,0,0,0,0,0,0,0,0,0,0,0,0,0,0,0,0
Gkn3,0,0,0,0,0,0,0,0,0,0,0,0,0,0,0,0,0,0,0,0
Bglap3,0,0,0,0,0,0,0,0,0,0,0,0,0,0,0,0,0,0,0,0
Nkx2-9,0,0,0,0,0,0,0,0,0,0,0,0,0,0,0,0,0,0,0,0
Sox17,0,0,0,0,0,0,0,0,0,0,0,0,1,0,0,0,0,0,0,0
Gpr15,1,0,0,0,0,0,0,0,0,0,0,0,0,0,0,0,0,0,0,0
Mobp,0,0,0,0,0,0,0,0,0,0,0,0,0,0,0,0,0,0,0,0
Aplnr,0,1,0,0,0,0,0,0,0,0,0,0,0,0,0,1,0,1,0,0
Ly6c1,0,0,0,0,0,0,0,0,0,0,0,0,0,0,0,0,0,0,0,0
Lims2,0,0,0,0,0,0,0,0,0,0,0,0,0,0,0,0,0,0,0,0
Cyp2j12,0,0,0,0,0,0,0,0,0,0,0,0,0,0,0,0,0,0,0,0
Tmprss5,0,0,0,0,0,0,0,0,0,0,0,0,0,0,0,0,0,0,0,0
Plp1,0,0,0,1,0,0,0,0,0,0,0,0,0,0,0,0,0,0,1,0
Gimap1,0,0,0,0,0,0,0,0,0,0,0,0,0,0,0,0,0,0,0,0
AU021092,0,0,0,0,0,0,0,0,0,0,0,0,0,0,0,0,0,0,0,0
Gjb2,0,0,0,0,0,0,0,0,0,0,0,0,0,0,0,1,0,0,0,0
Cldn5,0,1,0,1,0,0,0,0,1,0,0,0,0,0,0,1,1,0,0,0
Enpp6,0,0,0,0,0,0,0,0,0,0,0,0,0,0,0,0,0,0,0,0
Ly6c2,0,0,0,0,0,0,0,0,0,0,0,0,0,0,0,0,0,0,0,0
9330117O12Rik,0,0,0,0,0,0,0,0,0,0,0,0,0,0,0,0,0,0,0,0
Cfh,0,0,0,0,0,0,0,0,0,0,0,0,0,0,0,0,0,0,0,0
Gm33727,0,0,0,0,0,0,0,0,0,0,0,0,0,0,0,0,0,0,0,0
Icam2,0,0,0,0,0,0,0,0,0,0,0,0,0,0,0,0,0,0,0,0
Dcn,0,1,0,0,0,1,0,1,1,0,0,1,1,1,0,0,0,0,0,0
Tmem212,0,0,0,0,0,0,0,0,0,0,0,0,0,0,0,0,0,0,0,0
Gm54109,0,0,0,0,0,0,0,0,0,0,0,0,0,0,0,0,0,0,0,0
Bglap2,0,0,0,0,0,0,0,0,0,0,0,0,0,0,0,0,0,0,0,0
Gm31830,0,0,0,0,0,0,0,0,0,0,0,0,0,0,0,0,0,0,0,0
Slc34a3,0,0,0,0,0,0,0,0,0,0,0,0,0,0,0,0,0,0,0,0
Or51e1,0,0,0,0,0,0,0,0,0,0,0,0,0,0,0,0,0,0,0,0
Gm32688,0,0,0,0,0,0,0,0,0,0,0,0,0,0,0,0,0,0,0,0
Adgrf5,0,0,0,0,0,0,0,0,0,0,0,0,0,0,0,0,0,0,0,0
