gene,logFC,FDR,rank_secondary,rank_primary,n_top_pathways_leading_edge,pathways,side
Mog,12.7721134849098,1.07794211333522e-06,1,41082,0,"",secondary
Mal,12.7519212253072,3.06462721670147e-08,2,41081,2,GOBP_ENSHEATHMENT_OF_NEURONS; GOBP_GLIAL_CELL_DEVELOPMENT,secondary
Mag,12.3555900446514,1.01841468533633e-06,3,41080,2,GOBP_ENSHEATHMENT_OF_NEURONS; GOBP_GLIAL_CELL_DEVELOPMENT,secondary
Fa2h,12.221087564688,6.02421918868885e-07,4,41079,2,GOBP_ENSHEATHMENT_OF_NEURONS; GOBP_GLIAL_CELL_DEVELOPMENT,secondary
Depp1,12.0947812377048,3.03728406775235e-06,5,41078,0,"",secondary
Hapln2,11.9158423453367,2.29212433956759e-05,6,41077,1,GOBP_EXTERNAL_ENCAPSULATING_STRUCTURE_ORGANIZATION,secondary
Opalin,11.7217872121363,1.41756450642163e-06,7,41076,0,"",secondary
Gm32122,11.4203090280737,6.44064293400371e-07,8,41075,0,"",secondary
Ermn,11.3784625547146,1.64708168849379e-07,9,41074,0,"",secondary
Cytl1,11.3582371053658,1.84395359657634e-05,10,41073,0,"",secondary
Klk6,11.3517702115994,5.32183255283944e-06,11,41072,1,GOBP_ENSHEATHMENT_OF_NEURONS,secondary
Tmem252,11.3212900838474,1.80302566772449e-05,12,41071,0,"",secondary
Gm12326,11.2806896920968,1.08709808470048e-05,13,41070,0,"",secondary
Pglyrp1,11.1921699379762,0.00024840387956794,14,41069,2,GOBP_NEGATIVE_REGULATION_OF_RESPONSE_TO_EXTERNAL_STIMULUS; GOBP_REGULATION_OF_INFLAMMATORY_RESPONSE,secondary
Lrg1,11.0308784957713,1.80271154600908e-06,15,41068,1,GOBP_REGULATION_OF_VASCULATURE_DEVELOPMENT,secondary
Gjb1,10.7703809976886,2.1986031582713e-05,16,41067,1,GOBP_CELL_CELL_JUNCTION_ASSEMBLY,secondary
1700047M11Rik,10.6433172715763,1.40596398692839e-05,17,41066,0,"",secondary
Edn1,10.6385040619673,0.000189485849027766,18,41065,12,GOBP_LEUKOCYTE_MIGRATION; GOBP_WOUND_HEALING; GOBP_CYTOKINE_MEDIATED_SIGNALING_PATHWAY; GOBP_TISSUE_MIGRATION; GOBP_NEGATIVE_REGULATION_OF_RESPONSE_TO_EXTERNAL_STIMULUS; GOBP_ENDOTHELIAL_CELL_MIGRATION; GOBP_CELL_CHEMOTAXIS; GOBP_REGULATION_OF_EPITHELIAL_CELL_MIGRATION; GOBP_AMEBOIDAL_TYPE_CELL_MIGRATION; GOBP_REGULATION_OF_ENDOTHELIAL_CELL_MIGRATION; GOBP_VASCULAR_PROCESS_IN_CIRCULATORY_SYSTEM; GOBP_HEMOSTASIS,secondary
Tmem125,10.5820234384116,6.86213347017792e-05,19,41064,0,"",secondary
Gkn3,10.5576708770892,1.31895163627438e-06,20,41063,0,"",secondary
Bglap3,10.5415636958924,0.000115442013986378,21,41062,0,"",secondary
Nkx2-9,10.5362852473407,0.000149901729527548,22,41061,0,"",secondary
Sox17,10.4712245582197,0.000656895106999313,23,41060,1,GOBP_AMEBOIDAL_TYPE_CELL_MIGRATION,secondary
Gpr15,10.4675148753018,0.000625500399983171,24,41059,1,GOBP_LEUKOCYTE_MIGRATION,secondary
Mobp,10.3571596952064,3.06462721670147e-08,25,41058,0,"",secondary
Aplnr,10.3265733585819,0.000131103338321088,26,41057,3,GOBP_REGULATION_OF_VASCULATURE_DEVELOPMENT; GOBP_CELL_CELL_JUNCTION_ASSEMBLY; GOBP_SPROUTING_ANGIOGENESIS,secondary
Ly6c1,10.2445100840273,1.22822100069755e-06,27,41056,0,"",secondary
Lims2,10.2393821404861,7.07768839982155e-05,28,41055,0,"",secondary
Cyp2j12,10.213173198855,4.2661038704132e-05,29,41054,0,"",secondary
Tmprss5,10.1403946830994,4.12581011925928e-05,30,41053,0,"",secondary
